order_id	customer_id	order_ts	status	currency	total_amount_text	utm_json	updated_at
o_1001	c_0655	01/03/2025 07:47	PAID	USD	101.42	{"source": "paid_social", "medium": "paid_social", "campaign": "nonbrand"}	01/03/2025 19:30
o_1002	c_0026	2025-03-01T21:54:29Z	paid	USD	USD 264.85	{"source": "display", "medium": "display", "campaign": "retargeting"}	01/03/2025 13:27
o_1003	c_0282	2025/03/01 21:12:19-0500	PAID	USD	USD 41.87	{"source": "paid_social", "medium": "paid_social", "campaign": "prospecting"}	01/03/2025 20:22
o_1004	c_0229	2025/03/01 20:23:43-0500	PAID	USD	$31.16	{"source": "paid_social", "medium": "paid_social", "campaign": "retargeting"}	01/03/2025 16:54
o_1005	c_0755	2025/03/01 21:07:07-0500	PAID	eur	EUR 99.04	{"source": "paid_social", "medium": "paid_social", "campaign": "prospecting"}	01/03/2025 12:50
o_1006	c_0693	2025/03/01 20:20:20-0500	PAID	eur	€ 282.43	{"source": "paid_social", "medium": "paid_social", "campaign": "promo"}	01/03/2025 12:09
o_1007	c_0559	2025-03-01T15:55:30Z	PAID	USD	91.32	{"source": "display", "medium": "display", "campaign": "retargeting"}	01/03/2025 22:41
o_1008	c_0605	2025-03-01T13:30:11Z	PAID	CAD	11.2	{"source": "paid_social", "medium": "paid_social", "campaign": "retargeting"}	01/03/2025 13:18
o_1009	c_0033	2025-03-01T15:52:03Z	PAID	USD	USD 32.15	{"source": "paid_social", "medium": "paid_social", "campaign": "retargeting"}	01/03/2025 22:35
o_1010	c_0096	2025-03-01T11:29:29Z	paid	EUR	€ 381.75	{"source": "search", "medium": "cpc", "campaign": "brand"}	01/03/2025 10:51
o_1011	c_0617	2025-03-01T18:35:15Z	paid	USD	USD 14.94	{"source": "paid_social", "medium": "paid_social", "campaign": "nonbrand"}	01/03/2025 08:18
o_1012	c_0575	2025-03-02T10:10:09Z	Cancelled	usd	USD 54.83	{"source": "display", "medium": "display", "campaign": "retargeting"}	02/03/2025 12:07
o_1013	c_0734	2025/03/02 15:02:33-0500	PAID	USD	264.3	{"source": "display", "medium": "display", "campaign": "retargeting"}	02/03/2025 09:29
o_1014	c_0430	2025-03-02T10:22:23Z	PAID	USD	USD 217.38	{"source": "email", "medium": "email", "campaign": "brand"}	02/03/2025 20:31
o_1015	c_0285	2025-03-02T08:03:03Z	PAID	EUR	€ 14.48	{"source": "search", "medium": "cpc", "campaign": "newsletter"}	02/03/2025 17:01
o_1016	c_0778	2025/03/02 12:50:34-0500	paid	USD	$470.82	{"source": "paid_social", "medium": "paid_social", "campaign": "nonbrand"}	02/03/2025 11:44
o_1017	c_0285	02/03/2025 15:44	paid	EUR	EUR 34.25	{"source": "paid_social", "medium": "paid_social", "campaign": "prospecting"}	02/03/2025 13:21
o_1018	c_0221	2025-03-02T16:44:43Z	PAID	USD	275.24	{"source": "search", "medium": "cpc", "campaign": "newsletter"}	02/03/2025 16:30
o_1019	c_0095	2025/03/02 12:01:03-0500	PAID	USD	$348.17	{"source": "email", "medium": "email", "campaign": "brand"}	02/03/2025 18:26
o_1020	c_0353	2025-03-03T09:24:28Z	Cancelled	CAD	CAD 213.82	{"source": "display", "medium": "display", "campaign": "brand"}	03/03/2025 09:31
o_1021	c_0045	2025-03-03T08:27:31Z	PAID	USD	$302.33	{"source": "display", "medium": "display", "campaign": "brand"}	03/03/2025 13:55
o_1022	c_0471	2025/03/03 11:06:03-0500	PAID	usd	22.38	{"source": "search", "medium": "cpc", "campaign": "nonbrand"}	03/03/2025 08:25
o_1023	c_0128	03/03/2025 17:10	paid	USD	$262.73	{"source": "search", "medium": "cpc", "campaign": "retargeting"}	03/03/2025 15:27
o_1024	c_0566	03/03/2025 21:54	PAID	cad	CAD 268.52	{"source": "paid_social", "medium": "paid_social", "campaign": "prospecting"}	03/03/2025 11:05
o_1025	c_0634	03/03/2025 15:29	Fulfilled	USD	605.7	{"source": "paid_social", "medium": "paid_social", "campaign": "prospecting"}	03/03/2025 15:29
o_1026	c_0197	2025-03-03T11:14:35Z	Refunded	USD	$637.18	{"source": "paid_social", "medium": "paid_social", "campaign": "prospecting"}	03/03/2025 18:07
o_1027	c_0072	2025/03/03 13:54:04-0500	Cancelled	EUR	16,97	{"source": "search", "medium": "cpc", "campaign": "nonbrand"}	03/03/2025 13:34
o_1028	c_0678	03/03/2025 17:43	PAID	USD	56,57	{"source": "paid_social", "medium": "paid_social", "campaign": "retargeting"}	03/03/2025 18:47
o_1029	c_0792	2025-03-03T16:17:10Z	PAID	usd	181,49	{"source": "email", "medium": "email", "campaign": "awareness"}	03/03/2025 13:07
o_1030	c_0239	2025/03/04 13:16:27-0500	Fulfilled	USD	USD 202.69	{"source": "search", "medium": "cpc", "campaign": "nonbrand"}	04/03/2025 15:33
o_1031	c_0390	2025/03/04 18:54:26-0500	PAID	CAD	C$204.28	{"source": "search", "medium": "cpc", "campaign": "nonbrand"}	04/03/2025 17:52
o_1032	c_0167	2025-03-04T18:31:52Z	Fulfilled	CAD	C$254.32	{"source": "search", "medium": "cpc", "campaign": "nonbrand"}	04/03/2025 22:25
o_1033	c_0364	2025/03/04 11:07:56-0500	PAID	EUR	€ 341.24	{"source": "search", "medium": "cpc", "campaign": "nonbrand"}	04/03/2025 22:24
o_1034	c_0274	2025-03-04T14:12:41Z	PAID	USD	USD 625.13	{"source": "email", "medium": "email", "campaign": "retargeting"}	04/03/2025 22:18
o_1035	c_0624	04/03/2025 15:20	Fulfilled	USD	690.11	{"source": "display", "medium": "display", "campaign": "awareness"}	04/03/2025 12:55
o_1036	c_0176	04/03/2025 15:19	Fulfilled	USD	$40.17	{"source": "paid_social", "medium": "paid_social", "campaign": "brand"}	04/03/2025 22:27
o_1037	c_0747	04/03/2025 21:30	Fulfilled	EUR	EUR 47.42	{"source": "paid_social", "medium": "paid_social", "campaign": "retargeting"}	04/03/2025 11:37
o_1038	c_0168	2025-03-04T19:31:42Z	paid	USD	USD 28.46	{"source": "email", "medium": "email", "campaign": "retargeting"}	04/03/2025 10:06
o_1039	c_0389	05/03/2025 08:18	PAID	USD	$69.39	{"source": "search", "medium": "cpc", "campaign": "prospecting"}	05/03/2025 12:45
o_1040	c_0656	2025/03/05 17:19:51-0500	PAID	usd	$532.48	{"source": "search", "medium": "cpc", "campaign": "prospecting"}	05/03/2025 17:35
o_1041	c_0571	2025-03-05T07:17:30Z	paid	eur	96.79	{"source": "email", "medium": "email", "campaign": "retargeting"}	05/03/2025 18:51
o_1042	c_0702	05/03/2025 16:57	paid	USD	USD 224.94	{"source": "email", "medium": "email", "campaign": "retargeting"}	05/03/2025 21:44
o_1043	c_0033	2025-03-05T14:45:54Z	paid	USD	$119.75	{"source": "search", "medium": "cpc", "campaign": "nonbrand"}	05/03/2025 21:43
o_1044	c_0411	2025/03/05 14:37:02-0500	PAID	EUR	EUR 93.11	{"source": "paid_social", "medium": "paid_social", "campaign": "brand"}	05/03/2025 17:44
o_1045	c_0068	05/03/2025 10:10	PAID	usd	$54.44	{"source": "paid_social", "medium": "paid_social", "campaign": "brand"}	05/03/2025 11:01
o_1046	c_0581	2025-03-05T07:47:25Z	paid	USD	USD 442.14	{"source": "search", "medium": "cpc", "campaign": "prospecting"}	05/03/2025 08:32
o_1047	c_0218	2025/03/05 18:47:43-0500	PAID	USD	$232.21	{"source": "search", "medium": "cpc", "campaign": "nonbrand"}	05/03/2025 12:53
o_1048	c_0406	2025-03-05T08:49:22Z	PAID	USD	478,32	{"source": "email", "medium": "email", "campaign": "promo"}	05/03/2025 16:29
o_1049	c_0147	05/03/2025 17:30	paid	USD	124.3	{"source": "search", "medium": "cpc", "campaign": "nonbrand"}	05/03/2025 11:28
o_1050	c_0253	2025-03-05T17:55:52Z	PAID	USD	USD 290.22	{"source": "paid_social", "medium": "paid_social", "campaign": "brand"}	05/03/2025 15:25
o_1051	c_0575	05/03/2025 16:18	PAID	USD	USD 280.40	{"source": "email", "medium": "email", "campaign": "newsletter"}	05/03/2025 19:31
o_1052	c_0439	2025-03-05T15:46:53Z	PAID	usd	USD 185.64	{"source": "email", "medium": "email", "campaign": "promo"}	05/03/2025 17:44
o_1053	c_0371	05/03/2025 21:53	paid	usd	87.01	{"source": "search", "medium": "cpc", "campaign": "nonbrand"}	05/03/2025 08:25
o_1054	c_0142	2025-03-05T09:01:31Z	PAID	USD	19.02	{"source": "email", "medium": "email", "campaign": "retargeting"}	05/03/2025 20:57
o_1055	c_0506	05/03/2025 09:10	PAID	USD	$97.22	{"source": "search", "medium": "cpc", "campaign": "nonbrand"}	05/03/2025 12:08
o_1056	c_0747	2025/03/06 09:45:47-0500	PAID	EUR	€ 239.71	{"source": "email", "medium": "email", "campaign": "nonbrand"}	06/03/2025 11:34
o_1057	c_0147	2025-03-06T11:03:57Z	paid	USD	USD 473.21	{"source": "email", "medium": "email", "campaign": "nonbrand"}	06/03/2025 08:10
o_1058	c_0697	2025-03-06T21:10:36Z	PAID	USD	USD 9.97	{"source": "display", "medium": "display", "campaign": "awareness"}	06/03/2025 20:49
o_1059	c_0611	2025/03/06 11:55:21-0500	PAID	usd	USD 386.83	{"source": "paid_social", "medium": "paid_social", "campaign": "retargeting"}	06/03/2025 14:34
o_1060	c_0391	2025/03/06 13:35:41-0500	PAID	eur	€ 164.87	{"source": "paid_social", "medium": "paid_social", "campaign": "retargeting"}	06/03/2025 21:38
o_1061	c_0411	2025-03-06T19:30:38Z	PAID	EUR	EUR 264.79	{"source": "search", "medium": "cpc", "campaign": "brand"}	06/03/2025 12:23
o_1062	c_0567	2025-03-06T12:55:27Z	Fulfilled	USD	USD 314.75	{"source": "paid_social", "medium": "paid_social", "campaign": "retargeting"}	06/03/2025 22:53
o_1063	c_0699	06/03/2025 15:35	PAID	USD	USD 109.72	{"source": "search", "medium": "cpc", "campaign": "brand"}	06/03/2025 09:40
o_1064	c_0697	2025-03-06T14:30:58Z	Refunded	USD	$429.58	{"source": "paid_social", "medium": "paid_social", "campaign": "prospecting"}	06/03/2025 13:17
o_1065	c_0115	2025-03-06T21:35:00Z	PAID	USD	154.79	{"source": "email", "medium": "email", "campaign": "nonbrand"}	06/03/2025 17:49
o_1066	c_0406	06/03/2025 20:44	PAID	USD	175,35	{"source": "paid_social", "medium": "paid_social", "campaign": "retargeting"}	06/03/2025 09:03
o_1067	c_0781	2025-03-06T08:13:03Z	Cancelled	usd	USD 99.75	{"source": "paid_social", "medium": "paid_social", "campaign": "prospecting"}	06/03/2025 08:08
o_1068	c_0109	2025-03-07T19:47:11Z	PAID	USD	$189.06	{"source": "display", "medium": "display", "campaign": "retargeting"}	07/03/2025 13:54
o_1069	c_0306	07/03/2025 21:15	Refunded	usd	$386.24	{"source": "display", "medium": "display", "campaign": "awareness"}	07/03/2025 16:06
o_1070	c_0167	2025-03-07T13:32:14Z	Refunded	CAD	494.74	{"source": "search", "medium": "cpc", "campaign": "brand"}	07/03/2025 15:04
o_1071	c_0553	2025/03/07 21:54:04-0500	paid	EUR	18.79	{"source": "search", "medium": "cpc", "campaign": "newsletter"}	07/03/2025 21:17
o_1072	c_0755	2025-03-07T07:00:56Z	PAID	EUR	60,23	{"source": "display", "medium": "display", "campaign": "retargeting"}	07/03/2025 14:19
o_1073	c_0614	2025-03-07T11:04:36Z	Fulfilled	CAD	C$183.28	{"source": "search", "medium": "cpc", "campaign": "brand"}	07/03/2025 16:28
o_1074	c_0109	2025/03/07 11:22:41-0500	paid	USD	$131.66	{"source": "search", "medium": "cpc", "campaign": "nonbrand"}	07/03/2025 12:38
o_1075	c_0315	2025-03-07T18:26:17Z	PAID	USD	USD 125.30	{"source": "search", "medium": "cpc", "campaign": "nonbrand"}	07/03/2025 21:05
o_1076	c_0060	2025-03-07T19:26:05Z	PAID	USD	139.92	{"source": "search", "medium": "cpc", "campaign": "brand"}	07/03/2025 12:57
o_1077	c_0128	07/03/2025 16:10	PAID	USD	USD 109.23	{"source": "display", "medium": "display", "campaign": "awareness"}	07/03/2025 13:36
o_1078	c_0750	07/03/2025 18:42	paid	USD	USD 12.34	{"source": "search", "medium": "cpc", "campaign": "promo"}	07/03/2025 15:12
o_1079	c_0071	07/03/2025 14:08	PAID	USD	$47.51	{"source": "search", "medium": "cpc", "campaign": "brand"}	07/03/2025 13:36
o_1080	c_0132	2025-03-07T08:23:36Z	paid	GBP	GBP 258.23	{"source": "search", "medium": "cpc", "campaign": "nonbrand"}	07/03/2025 08:26
o_1081	c_0702	2025-03-07T21:45:08Z	PAID	USD	USD 46.88	{"source": "search", "medium": "cpc", "campaign": "brand"}	07/03/2025 22:52
o_1082	c_0272	2025-03-07T16:26:12Z	paid	USD	19.16	{"source": "search", "medium": "cpc", "campaign": "nonbrand"}	07/03/2025 19:05
o_1083	c_0622	2025-03-08T11:47:06Z	PAID	EUR	EUR 82.00	{"source": "email", "medium": "email", "campaign": "brand"}	08/03/2025 18:01
o_1084	c_0774	2025-03-08T20:35:49Z	paid	usd	$231.86	{"source": "search", "medium": "cpc", "campaign": "retargeting"}	08/03/2025 08:33
o_1085	c_0274	2025-03-08T17:07:46Z	PAID	usd	$643.43	{"source": "email", "medium": "email", "campaign": "brand"}	08/03/2025 18:27
o_1086	c_0575	2025-03-08T18:58:31Z	paid	USD	USD 43.12	{"source": "search", "medium": "cpc", "campaign": "retargeting"}	08/03/2025 15:03
o_1087	c_0463	08/03/2025 11:40	PAID	GBP	321.53	{"source": "paid_social", "medium": "paid_social", "campaign": "retargeting"}	08/03/2025 21:08
o_1088	c_0254	2025/03/08 10:38:33-0500	PAID	EUR	€ 112.78	{"source": "paid_social", "medium": "paid_social", "campaign": "awareness"}	08/03/2025 15:50
o_1089	c_0066	2025-03-08T15:15:41Z	paid	USD	USD 116.61	{"source": "paid_social", "medium": "paid_social", "campaign": "promo"}	08/03/2025 09:05
o_1090	c_0045	2025-03-08T10:13:43Z	paid	USD	USD 172.37	{"source": "search", "medium": "cpc", "campaign": "retargeting"}	08/03/2025 13:20
o_1091	c_0774	2025-03-08T19:58:08Z	PAID	USD	$741.93	{"source": "search", "medium": "cpc", "campaign": "nonbrand"}	08/03/2025 21:18
o_1092	c_0008	2025/03/08 10:25:45-0500	PAID	USD	$94.20	{"source": "paid_social", "medium": "paid_social", "campaign": "awareness"}	08/03/2025 21:09
o_1093	c_0725	2025-03-08T21:20:30Z	paid	EUR	EUR 255.46	{"source": "search", "medium": "cpc", "campaign": "nonbrand"}	08/03/2025 20:11
o_1094	c_0282	2025-03-08T11:13:38Z	PAID	USD	$116.27	{"source": "search", "medium": "cpc", "campaign": "nonbrand"}	08/03/2025 08:13
o_1095	c_0060	2025-03-08T10:40:17Z	PAID	USD	$279.36	{"source": "search", "medium": "cpc", "campaign": "nonbrand"}	08/03/2025 16:24
o_1096	c_0285	2025-03-09T09:44:08Z	PAID	EUR	EUR 845.99	{"source": "email", "medium": "email", "campaign": "prospecting"}	09/03/2025 17:16
o_1097	c_0220	2025-03-09T17:19:28Z	Cancelled	usd	$18.41	{"source": "search", "medium": "cpc", "campaign": "retargeting"}	09/03/2025 10:54
o_1098	c_0147	2025-03-09T15:40:53Z	PAID	USD	$304.06	{"source": "email", "medium": "email", "campaign": "newsletter"}	09/03/2025 20:02
o_1099	c_0774	09/03/2025 20:15	Fulfilled	USD	USD 167.37	{"source": "search", "medium": "cpc", "campaign": "retargeting"}	09/03/2025 18:47
o_1100	c_0485	2025/03/09 12:48:14-0500	PAID	USD	$143.22	{"source": "display", "medium": "display", "campaign": "nonbrand"}	09/03/2025 18:02
o_1101	c_0571	2025-03-09T16:11:11Z	PAID	EUR	98.91	{"source": "search", "medium": "cpc", "campaign": "retargeting"}	09/03/2025 16:55
o_1102	c_0097	2025/03/09 08:53:34-0500	Cancelled	usd	USD 428.56	{"source": "email", "medium": "email", "campaign": "prospecting"}	09/03/2025 20:39
o_1103	c_0363	2025/03/09 07:03:08-0500	PAID	USD	USD 9.78	{"source": "display", "medium": "display", "campaign": "nonbrand"}	09/03/2025 20:41
o_1104	c_0421	2025/03/10 14:17:10-0500	Cancelled	USD	$11.87	{"source": "paid_social", "medium": "paid_social", "campaign": "retargeting"}	10/03/2025 17:50
o_1105	c_0747	2025-03-10T18:14:00Z	PAID	EUR	€ 19.65	{"source": "paid_social", "medium": "paid_social", "campaign": "brand"}	10/03/2025 19:03
o_1106	c_0690	2025-03-10T17:59:46Z	PAID	USD	$473.47	{"source": "search", "medium": "cpc", "campaign": "nonbrand"}	10/03/2025 20:31
o_1107	c_0109	2025/03/10 21:28:59-0500	paid	usd	USD 30.90	{"source": "search", "medium": "cpc", "campaign": "awareness"}	10/03/2025 16:56
o_1108	c_0746	2025-03-10T16:21:48Z	paid	EUR	€ 139.13	{"source": "display", "medium": "display", "campaign": "retargeting"}	10/03/2025 10:55
o_1109	c_0112	10/03/2025 15:57	PAID	USD	345.78	{"source": "paid_social", "medium": "paid_social", "campaign": "retargeting"}	10/03/2025 19:03
o_1110	c_0195	2025/03/10 15:34:14-0500	PAID	USD	21.66	{"source": "display", "medium": "display", "campaign": "retargeting"}	10/03/2025 15:37
o_1111	c_0571	10/03/2025 21:48	Cancelled	EUR	EUR 27.94	{"source": "paid_social", "medium": "paid_social", "campaign": "brand"}	10/03/2025 12:18
o_1112	c_0433	2025/03/10 08:18:00-0500	PAID	GBP	GBP 33.60	{"source": "search", "medium": "cpc", "campaign": "nonbrand"}	10/03/2025 18:52
o_1113	c_0286	2025-03-10T10:12:03Z	PAID	USD	88.33	{"source": "display", "medium": "display", "campaign": "retargeting"}	10/03/2025 15:59
o_1114	c_0095	2025-03-10T18:15:59Z	Refunded	USD	USD 16.06	{"source": "email", "medium": "email", "campaign": "newsletter"}	10/03/2025 20:02
o_1115	c_0564	2025-03-10T14:27:44Z	paid	USD	375.65	{"source": "search", "medium": "cpc", "campaign": "prospecting"}	10/03/2025 09:45
o_1116	c_0068	2025/03/10 19:07:04-0500	PAID	usd	$218.36	{"source": "search", "medium": "cpc", "campaign": "nonbrand"}	10/03/2025 16:43
o_1117	c_0554	2025-03-11T21:52:21Z	PAID	EUR	€ 162.11	{"source": "email", "medium": "email", "campaign": "promo"}	11/03/2025 11:01
o_1118	c_0772	2025-03-11T20:14:04Z	PAID	USD	$152.62	{"source": "paid_social", "medium": "paid_social", "campaign": "awareness"}	11/03/2025 14:16
o_1119	c_0176	2025-03-11T07:02:52Z	paid	USD	$11.75	{"source": "search", "medium": "cpc", "campaign": "nonbrand"}	11/03/2025 20:40
o_1120	c_0498	2025/03/11 20:03:22-0500	PAID	USD	13.36	{"source": "paid_social", "medium": "paid_social", "campaign": "awareness"}	11/03/2025 21:03
o_1121	c_0219	11/03/2025 19:59	PAID	USD	$11.65	{"source": "search", "medium": "cpc", "campaign": "brand"}	11/03/2025 22:25
o_1122	c_0071	11/03/2025 08:23	PAID	usd	USD 60.82	{"source": "search", "medium": "cpc", "campaign": "nonbrand"}	11/03/2025 16:09
o_1123	c_0421	11/03/2025 13:18	PAID	USD	$18.59	{"source": "search", "medium": "cpc", "campaign": "brand"}	11/03/2025 11:40
o_1124	c_0400	2025-03-11T10:29:04Z	paid	USD	$90.75	{"source": "search", "medium": "cpc", "campaign": "retargeting"}	11/03/2025 15:43
o_1125	c_0466	2025-03-11T08:13:36Z	PAID	EUR	74.2	{"source": "paid_social", "medium": "paid_social", "campaign": "awareness"}	11/03/2025 19:23
o_1126	c_0434	11/03/2025 17:11	Cancelled	USD	USD 575.22	{"source": "search", "medium": "cpc", "campaign": "retargeting"}	11/03/2025 18:43
o_1127	c_0749	2025-03-11T11:41:11Z	PAID	USD	USD 16.44	{"source": "search", "medium": "cpc", "campaign": "brand"}	11/03/2025 16:35
o_1128	c_0678	2025/03/12 09:26:22-0500	paid	USD	$248.19	{"source": "search", "medium": "cpc", "campaign": "promo"}	12/03/2025 19:40
o_1129	c_0499	2025-03-12T19:08:04Z	PAID	USD	367.44	{"source": "paid_social", "medium": "paid_social", "campaign": "retargeting"}	12/03/2025 19:12
o_1130	c_0223	2025/03/12 07:41:17-0500	Refunded	USD	USD 520.04	{"source": "display", "medium": "display", "campaign": "retargeting"}	12/03/2025 12:25
o_1131	c_0754	2025-03-12T19:09:13Z	Cancelled	USD	93,51	{"source": "display", "medium": "display", "campaign": "brand"}	12/03/2025 15:38
o_1132	c_0766	2025-03-12T09:31:21Z	PAID	EUR	€ 206.84	{"source": "email", "medium": "email", "campaign": "nonbrand"}	12/03/2025 12:37
o_1133	c_0052	2025-03-12T13:35:10Z	Refunded	GBP	GBP 343.30	{"source": "display", "medium": "display", "campaign": "awareness"}	12/03/2025 11:24
o_1134	c_0489	2025-03-12T13:34:13Z	PAID	CAD	54.47	{"source": "paid_social", "medium": "paid_social", "campaign": "prospecting"}	12/03/2025 11:40
o_1135	c_0564	2025/03/12 08:52:56-0500	paid	USD	USD 152.09	{"source": "email", "medium": "email", "campaign": "nonbrand"}	12/03/2025 19:01
o_1136	c_0554	12/03/2025 07:04	PAID	EUR	125.37	{"source": "paid_social", "medium": "paid_social", "campaign": "prospecting"}	12/03/2025 22:27
o_1137	c_0191	2025/03/12 20:14:50-0500	PAID	usd	$628.77	{"source": "display", "medium": "display", "campaign": "brand"}	12/03/2025 14:09
o_1138	c_0070	13/03/2025 15:15	Fulfilled	USD	USD 382.35	{"source": "display", "medium": "display", "campaign": "retargeting"}	13/03/2025 11:28
o_1139	c_0406	2025-03-13T18:07:23Z	PAID	USD	$91.60	{"source": "search", "medium": "cpc", "campaign": "nonbrand"}	13/03/2025 10:16
o_1140	c_0584	13/03/2025 13:57	PAID	USD	$254.31	{"source": "search", "medium": "cpc", "campaign": "prospecting"}	13/03/2025 13:47
o_1141	c_0605	2025/03/13 10:03:23-0500	paid	cad	CAD 239.39	{"source": "display", "medium": "display", "campaign": "retargeting"}	13/03/2025 16:04
o_1142	c_0084	2025-03-13T21:20:02Z	PAID	GBP	£231.22	{"source": "search", "medium": "cpc", "campaign": "nonbrand"}	13/03/2025 08:12
o_1143	c_0598	2025-03-13T16:20:40Z	PAID	GBP	461.07	{"source": "paid_social", "medium": "paid_social", "campaign": "awareness"}	13/03/2025 20:49
o_1144	c_0506	2025/03/13 20:46:56-0500	PAID	USD	USD 119.05	{"source": "display", "medium": "display", "campaign": "retargeting"}	13/03/2025 15:57
o_1145	c_0229	13/03/2025 12:35	PAID	USD	USD 49.91	{"source": "paid_social", "medium": "paid_social", "campaign": "awareness"}	13/03/2025 14:25
o_1146	c_0655	2025/03/13 14:46:46-0500	PAID	USD	USD 259.04	{"source": "search", "medium": "cpc", "campaign": "nonbrand"}	13/03/2025 14:46
o_1147	c_0322	2025-03-13T11:31:24Z	Refunded	USD	$206.56	{"source": "search", "medium": "cpc", "campaign": "prospecting"}	13/03/2025 14:22
o_1148	c_0135	13/03/2025 15:45	PAID	USD	USD 1139.23	{"source": "search", "medium": "cpc", "campaign": "brand"}	13/03/2025 15:34
o_1149	c_0469	2025/03/13 09:18:11-0500	PAID	USD	$472.61	{"source": "paid_social", "medium": "paid_social", "campaign": "awareness"}	13/03/2025 08:23
o_1150	c_0010	2025/03/13 13:42:19-0500	PAID	USD	USD 188.19	{"source": "paid_social", "medium": "paid_social", "campaign": "awareness"}	13/03/2025 20:17
o_1151	c_0577	2025-03-14T12:52:57Z	PAID	CAD	CAD 124.74	{"source": "paid_social", "medium": "paid_social", "campaign": "nonbrand"}	14/03/2025 18:25
o_1152	c_0076	14/03/2025 11:15	PAID	eur	€ 18.08	{"source": "paid_social", "medium": "paid_social", "campaign": "nonbrand"}	14/03/2025 16:41
o_1153	c_0176	2025/03/14 12:15:23-0500	PAID	USD	$19.98	{"source": "paid_social", "medium": "paid_social", "campaign": "nonbrand"}	14/03/2025 14:40
o_1154	c_0272	2025-03-14T09:27:00Z	paid	USD	$445.36	{"source": "paid_social", "medium": "paid_social", "campaign": "nonbrand"}	14/03/2025 12:43
o_1155	c_0251	14/03/2025 11:49	PAID	EUR	EUR 372.57	{"source": "paid_social", "medium": "paid_social", "campaign": "nonbrand"}	14/03/2025 18:18
o_1156	c_0400	2025/03/14 12:54:21-0500	paid	USD	USD 19.29	{"source": "paid_social", "medium": "paid_social", "campaign": "brand"}	14/03/2025 17:30
o_1157	c_0624	2025/03/14 11:15:33-0500	PAID	USD	$428.93	{"source": "search", "medium": "cpc", "campaign": "prospecting"}	14/03/2025 14:53
o_1158	c_0670	2025-03-14T11:14:02Z	PAID	GBP	32.85	{"source": "paid_social", "medium": "paid_social", "campaign": "nonbrand"}	14/03/2025 20:58
o_1159	c_0684	2025/03/14 16:59:27-0500	paid	EUR	103,66	{"source": "search", "medium": "cpc", "campaign": "prospecting"}	14/03/2025 10:54
o_1160	c_0680	2025/03/14 11:50:24-0500	paid	GBP	GBP 269.08	{"source": "paid_social", "medium": "paid_social", "campaign": "brand"}	14/03/2025 19:25
o_1161	c_0220	2025-03-14T13:01:50Z	PAID	USD	USD 103.23	{"source": "paid_social", "medium": "paid_social", "campaign": "newsletter"}	14/03/2025 14:12
o_1162	c_0774	2025-03-14T13:43:46Z	PAID	USD	112,60	{"source": "paid_social", "medium": "paid_social", "campaign": "brand"}	14/03/2025 20:29
o_1163	c_0761	2025-03-14T20:19:11Z	Fulfilled	USD	USD 156.96	{"source": "paid_social", "medium": "paid_social", "campaign": "retargeting"}	14/03/2025 13:28
o_1164	c_0229	2025-03-14T19:02:14Z	PAID	USD	204.37	{"source": "search", "medium": "cpc", "campaign": "prospecting"}	14/03/2025 18:33
o_1165	c_0735	2025-03-14T12:49:12Z	paid	GBP	GBP 140.61	{"source": "paid_social", "medium": "paid_social", "campaign": "nonbrand"}	14/03/2025 15:23
o_1166	c_0209	2025-03-14T19:24:57Z	PAID	USD	$205.15	{"source": "paid_social", "medium": "paid_social", "campaign": "brand"}	14/03/2025 09:49
o_1167	c_0650	2025-03-15T15:39:05Z	paid	USD	$162.59	{"source": "paid_social", "medium": "paid_social", "campaign": "prospecting"}	15/03/2025 10:36
o_1168	c_0518	2025-03-15T07:04:31Z	PAID	USD	USD 290.94	{"source": "display", "medium": "display", "campaign": "awareness"}	15/03/2025 20:00
o_1169	c_0095	2025-03-15T10:02:59Z	PAID	USD	$257.60	{"source": "email", "medium": "email", "campaign": "nonbrand"}	15/03/2025 13:55
o_1170	c_0389	2025/03/15 21:49:23-0500	PAID	USD	$423.61	{"source": "email", "medium": "email", "campaign": "retargeting"}	15/03/2025 09:44
o_1171	c_0342	2025/03/15 18:03:56-0500	paid	USD	$541.44	{"source": "search", "medium": "cpc", "campaign": "brand"}	15/03/2025 18:23
o_1172	c_0128	2025-03-15T19:54:41Z	paid	USD	USD 233.55	{"source": "email", "medium": "email", "campaign": "nonbrand"}	15/03/2025 12:44
o_1173	c_0390	15/03/2025 19:54	paid	cad	C$17.79	{"source": "email", "medium": "email", "campaign": "retargeting"}	15/03/2025 13:43
o_1174	c_0723	2025-03-15T18:12:17Z	paid	EUR	EUR 52.62	{"source": "email", "medium": "email", "campaign": "retargeting"}	15/03/2025 12:31
o_1175	c_0115	2025-03-15T10:09:27Z	Refunded	USD	USD 125.44	{"source": "email", "medium": "email", "campaign": "retargeting"}	15/03/2025 17:53
o_1176	c_0708	2025-03-15T11:07:27Z	PAID	USD	USD 55.94	{"source": "email", "medium": "email", "campaign": "retargeting"}	15/03/2025 11:24
o_1177	c_0037	2025/03/15 13:42:55-0500	PAID	usd	$121.95	{"source": "search", "medium": "cpc", "campaign": "brand"}	15/03/2025 15:28
o_1178	c_0597	2025/03/15 13:53:08-0500	Cancelled	USD	$36.65	{"source": "paid_social", "medium": "paid_social", "campaign": "prospecting"}	15/03/2025 21:15
o_1179	c_0109	15/03/2025 16:20	PAID	USD	$9.77	{"source": "search", "medium": "cpc", "campaign": "brand"}	15/03/2025 15:41
o_1180	c_0096	2025-03-16T17:46:01Z	paid	EUR	€ 30.05	{"source": "display", "medium": "display", "campaign": "brand"}	16/03/2025 16:58
o_1181	c_0316	2025-03-16T08:41:22Z	paid	USD	$135.43	{"source": "search", "medium": "cpc", "campaign": "nonbrand"}	16/03/2025 14:24
o_1182	c_0041	16/03/2025 12:01	paid	gbp	£646.93	{"source": "search", "medium": "cpc", "campaign": "awareness"}	16/03/2025 09:38
o_1183	c_0683	2025/03/16 20:52:05-0500	PAID	usd	USD 117.82	{"source": "search", "medium": "cpc", "campaign": "nonbrand"}	16/03/2025 21:03
o_1184	c_0363	2025/03/16 11:34:06-0500	paid	usd	32.36	{"source": "email", "medium": "email", "campaign": "promo"}	16/03/2025 22:14
o_1185	c_0636	2025-03-16T14:41:50Z	Refunded	USD	365.77	{"source": "email", "medium": "email", "campaign": "promo"}	16/03/2025 10:18
o_1186	c_0251	2025-03-17T15:11:48Z	PAID	EUR	EUR 74.58	{"source": "email", "medium": "email", "campaign": "newsletter"}	17/03/2025 13:03
o_1187	c_0423	2025/03/17 20:34:10-0500	PAID	USD	19,16	{"source": "paid_social", "medium": "paid_social", "campaign": "retargeting"}	17/03/2025 16:44
o_1188	c_0274	2025-03-17T08:53:31Z	PAID	usd	USD 308.35	{"source": "email", "medium": "email", "campaign": "newsletter"}	17/03/2025 13:12
o_1189	c_0341	2025-03-17T16:25:59Z	PAID	cad	C$330.25	{"source": "paid_social", "medium": "paid_social", "campaign": "retargeting"}	17/03/2025 22:03
o_1190	c_0433	2025-03-17T13:39:58Z	paid	GBP	£26.97	{"source": "email", "medium": "email", "campaign": "prospecting"}	17/03/2025 16:54
o_1191	c_0719	2025/03/17 21:18:09-0500	paid	cad	CAD 125.92	{"source": "paid_social", "medium": "paid_social", "campaign": "retargeting"}	17/03/2025 19:27
o_1192	c_0617	2025/03/17 12:43:16-0500	paid	USD	117.05	{"source": "paid_social", "medium": "paid_social", "campaign": "retargeting"}	17/03/2025 18:11
o_1193	c_0205	2025-03-17T21:45:51Z	PAID	USD	USD 15.43	{"source": "email", "medium": "email", "campaign": "newsletter"}	17/03/2025 15:36
o_1194	c_0575	2025/03/17 15:21:03-0500	paid	USD	$325.70	{"source": "search", "medium": "cpc", "campaign": "nonbrand"}	17/03/2025 15:49
o_1195	c_0045	2025-03-17T15:29:44Z	PAID	usd	$368.81	{"source": "paid_social", "medium": "paid_social", "campaign": "retargeting"}	17/03/2025 14:27
o_1196	c_0198	17/03/2025 07:14	paid	USD	USD 18.52	{"source": "search", "medium": "cpc", "campaign": "nonbrand"}	17/03/2025 14:21
o_1197	c_0337	2025/03/17 12:43:52-0500	Refunded	EUR	€ 206.25	{"source": "paid_social", "medium": "paid_social", "campaign": "awareness"}	17/03/2025 11:12
o_1198	c_0072	2025/03/17 16:06:52-0500	Cancelled	EUR	EUR 79.50	{"source": "search", "medium": "cpc", "campaign": "brand"}	17/03/2025 19:28
o_1199	c_0360	2025-03-17T17:07:33Z	PAID	USD	$464.36	{"source": "search", "medium": "cpc", "campaign": "nonbrand"}	17/03/2025 17:24
o_1200	c_0522	2025/03/17 17:11:39-0500	paid	USD	$600.34	{"source": "email", "medium": "email", "campaign": "newsletter"}	17/03/2025 15:49
o_1201	c_0550	2025-03-18T18:24:27Z	PAID	EUR	€ 118.58	{"source": "paid_social", "medium": "paid_social", "campaign": "promo"}	18/03/2025 13:48
o_1202	c_0029	18/03/2025 18:59	PAID	EUR	EUR 212.52	{"source": "email", "medium": "email", "campaign": "prospecting"}	18/03/2025 10:25
o_1203	c_0268	18/03/2025 17:51	Refunded	USD	$31.92	{"source": "display", "medium": "display", "campaign": "retargeting"}	18/03/2025 19:50
o_1204	c_0595	2025-03-18T13:56:09Z	Cancelled	USD	$207.71	{"source": "email", "medium": "email", "campaign": "prospecting"}	18/03/2025 08:15
o_1205	c_0147	2025-03-18T16:13:29Z	paid	USD	USD 190.44	{"source": "display", "medium": "display", "campaign": "retargeting"}	18/03/2025 21:33
o_1206	c_0354	2025-03-18T12:38:54Z	PAID	GBP	GBP 618.48	{"source": "search", "medium": "cpc", "campaign": "nonbrand"}	18/03/2025 11:00
o_1207	c_0469	2025-03-18T15:42:50Z	PAID	USD	214.55	{"source": "display", "medium": "display", "campaign": "awareness"}	18/03/2025 13:17
o_1208	c_0119	18/03/2025 09:05	PAID	EUR	€ 180.59	{"source": "search", "medium": "cpc", "campaign": "brand"}	18/03/2025 11:32
o_1209	c_0195	2025-03-18T14:18:32Z	Fulfilled	usd	$117.58	{"source": "search", "medium": "cpc", "campaign": "brand"}	18/03/2025 17:25
o_1210	c_0634	2025/03/18 07:09:11-0500	PAID	USD	58,90	{"source": "search", "medium": "cpc", "campaign": "nonbrand"}	18/03/2025 15:49
o_1211	c_0533	2025-03-18T07:45:33Z	PAID	CAD	CAD 45.30	{"source": "display", "medium": "display", "campaign": "retargeting"}	18/03/2025 08:12
o_1212	c_0704	2025/03/18 12:52:09-0500	paid	eur	€ 540.72	{"source": "search", "medium": "cpc", "campaign": "retargeting"}	18/03/2025 16:25
o_1213	c_0202	2025/03/18 19:08:32-0500	PAID	usd	408.57	{"source": "search", "medium": "cpc", "campaign": "nonbrand"}	18/03/2025 09:22
o_1214	c_0072	2025-03-19T20:39:49Z	PAID	EUR	EUR 200.27	{"source": "email", "medium": "email", "campaign": "nonbrand"}	19/03/2025 17:35
o_1215	c_0485	2025-03-19T17:45:19Z	Fulfilled	USD	USD 174.61	{"source": "email", "medium": "email", "campaign": "nonbrand"}	19/03/2025 21:04
o_1216	c_0322	2025/03/19 19:19:46-0500	paid	USD	$764.15	{"source": "paid_social", "medium": "paid_social", "campaign": "retargeting"}	19/03/2025 17:24
o_1217	c_0520	2025-03-19T14:03:50Z	Fulfilled	USD	$617.08	{"source": "paid_social", "medium": "paid_social", "campaign": "retargeting"}	19/03/2025 13:16
o_1218	c_0419	2025-03-19T21:49:14Z	Cancelled	usd	USD 133.81	{"source": "search", "medium": "cpc", "campaign": "brand"}	19/03/2025 18:19
o_1219	c_0577	2025/03/19 11:02:58-0500	Cancelled	CAD	310.72	{"source": "search", "medium": "cpc", "campaign": "retargeting"}	19/03/2025 10:54
o_1220	c_0303	2025-03-19T20:35:30Z	PAID	usd	$20.93	{"source": "paid_social", "medium": "paid_social", "campaign": "awareness"}	19/03/2025 18:46
o_1221	c_0131	2025-03-19T08:37:23Z	paid	USD	57.38	{"source": "paid_social", "medium": "paid_social", "campaign": "retargeting"}	19/03/2025 16:14
o_1222	c_0431	2025-03-19T18:31:57Z	PAID	USD	USD 224.32	{"source": "email", "medium": "email", "campaign": "nonbrand"}	19/03/2025 21:03
o_1223	c_0550	2025/03/19 17:29:36-0500	paid	EUR	EUR 247.55	{"source": "paid_social", "medium": "paid_social", "campaign": "retargeting"}	19/03/2025 22:55
o_1224	c_0223	2025-03-19T16:12:53Z	Fulfilled	USD	$307.02	{"source": "paid_social", "medium": "paid_social", "campaign": "awareness"}	19/03/2025 18:34
o_1225	c_0583	2025-03-19T16:18:35Z	paid	USD	$86.30	{"source": "search", "medium": "cpc", "campaign": "brand"}	19/03/2025 20:14
o_1226	c_0416	2025-03-19T07:31:40Z	Refunded	CAD	CAD 39.00	{"source": "search", "medium": "cpc", "campaign": "brand"}	19/03/2025 08:30
o_1227	c_0312	20/03/2025 08:32	Cancelled	USD	$94.80	{"source": "paid_social", "medium": "paid_social", "campaign": "retargeting"}	20/03/2025 13:15
o_1228	c_0282	2025-03-20T10:43:35Z	PAID	usd	USD 364.07	{"source": "paid_social", "medium": "paid_social", "campaign": "retargeting"}	20/03/2025 09:31
o_1229	c_0622	2025-03-20T15:56:02Z	Refunded	EUR	406,12	{"source": "search", "medium": "cpc", "campaign": "nonbrand"}	20/03/2025 20:14
o_1230	c_0330	2025-03-20T10:20:27Z	Fulfilled	USD	$613.69	{"source": "paid_social", "medium": "paid_social", "campaign": "retargeting"}	20/03/2025 22:06
o_1231	c_0453	2025-03-20T17:17:44Z	Cancelled	USD	USD 189.26	{"source": "paid_social", "medium": "paid_social", "campaign": "prospecting"}	20/03/2025 15:27
o_1232	c_0219	2025-03-20T18:46:41Z	PAID	USD	$57.34	{"source": "search", "medium": "cpc", "campaign": "nonbrand"}	20/03/2025 20:01
o_1233	c_0754	2025-03-20T12:58:27Z	paid	USD	USD 34.71	{"source": "email", "medium": "email", "campaign": "brand"}	20/03/2025 18:04
o_1234	c_0675	2025-03-20T11:45:51Z	PAID	USD	$316.06	{"source": "search", "medium": "cpc", "campaign": "nonbrand"}	20/03/2025 17:16
o_1235	c_0528	2025/03/20 15:54:18-0500	PAID	USD	USD 717.56	{"source": "email", "medium": "email", "campaign": "newsletter"}	20/03/2025 08:54
o_1236	c_0635	2025-03-20T09:58:34Z	paid	USD	$515.83	{"source": "search", "medium": "cpc", "campaign": "nonbrand"}	20/03/2025 21:02
o_1237	c_0419	2025-03-20T21:57:22Z	PAID	USD	USD 314.99	{"source": "email", "medium": "email", "campaign": "brand"}	20/03/2025 14:00
o_1238	c_0151	2025/03/20 17:22:22-0500	PAID	USD	$312.83	{"source": "paid_social", "medium": "paid_social", "campaign": "retargeting"}	20/03/2025 20:59
o_1239	c_0251	2025-03-20T13:30:50Z	paid	EUR	291,54	{"source": "email", "medium": "email", "campaign": "brand"}	20/03/2025 22:13
o_1240	c_0595	2025-03-21T12:46:00Z	PAID	USD	$10.99	{"source": "paid_social", "medium": "paid_social", "campaign": "prospecting"}	21/03/2025 10:37
o_1241	c_0792	2025-03-21T20:38:20Z	Fulfilled	USD	$175.75	{"source": "paid_social", "medium": "paid_social", "campaign": "retargeting"}	21/03/2025 14:13
o_1242	c_0200	2025/03/21 09:07:45-0500	Fulfilled	USD	USD 253.24	{"source": "email", "medium": "email", "campaign": "brand"}	21/03/2025 19:26
o_1243	c_0714	2025-03-21T15:27:57Z	paid	USD	USD 10.70	{"source": "email", "medium": "email", "campaign": "nonbrand"}	21/03/2025 13:52
o_1244	c_0507	21/03/2025 14:05	Refunded	USD	22.16	{"source": "email", "medium": "email", "campaign": "nonbrand"}	21/03/2025 11:51
o_1245	c_0250	2025-03-21T11:28:54Z	Fulfilled	eur	€ 26.56	{"source": "email", "medium": "email", "campaign": "brand"}	21/03/2025 10:24
o_1246	c_0672	2025-03-21T13:34:22Z	paid	GBP	578.7	{"source": "search", "medium": "cpc", "campaign": "awareness"}	21/03/2025 08:47
o_1247	c_0010	2025-03-21T15:39:20Z	PAID	USD	$205.38	{"source": "paid_social", "medium": "paid_social", "campaign": "prospecting"}	21/03/2025 12:25
o_1248	c_0181	2025/03/21 17:37:32-0500	Cancelled	USD	USD 319.50	{"source": "display", "medium": "display", "campaign": "retargeting"}	21/03/2025 11:44
o_1249	c_0650	2025-03-21T17:07:24Z	PAID	USD	USD 12.02	{"source": "email", "medium": "email", "campaign": "brand"}	21/03/2025 12:42
o_1250	c_0052	2025-03-21T09:30:41Z	paid	GBP	GBP 16.76	{"source": "paid_social", "medium": "paid_social", "campaign": "prospecting"}	21/03/2025 19:29
o_1251	c_0256	2025-03-21T18:10:08Z	Refunded	GBP	GBP 163.28	{"source": "search", "medium": "cpc", "campaign": "promo"}	21/03/2025 15:38
o_1252	c_0476	2025-03-21T09:21:46Z	PAID	USD	USD 215.27	{"source": "paid_social", "medium": "paid_social", "campaign": "prospecting"}	21/03/2025 11:45
o_1253	c_0655	2025-03-21T21:02:02Z	PAID	USD	USD 203.95	{"source": "display", "medium": "display", "campaign": "retargeting"}	21/03/2025 17:49
o_1254	c_0325	2025-03-21T09:26:49Z	PAID	usd	$409.20	{"source": "email", "medium": "email", "campaign": "brand"}	21/03/2025 17:36
o_1255	c_0437	2025-03-22T15:07:38Z	paid	USD	$71.01	{"source": "search", "medium": "cpc", "campaign": "prospecting"}	22/03/2025 18:03
o_1256	c_0762	22/03/2025 08:27	paid	GBP	£293.08	{"source": "search", "medium": "cpc", "campaign": "nonbrand"}	22/03/2025 19:42
o_1257	c_0266	2025-03-22T12:24:27Z	PAID	USD	$540.46	{"source": "search", "medium": "cpc", "campaign": "nonbrand"}	22/03/2025 17:51
o_1258	c_0785	2025-03-22T10:47:54Z	PAID	CAD	CAD 23.00	{"source": "search", "medium": "cpc", "campaign": "prospecting"}	22/03/2025 11:57
o_1259	c_0584	2025-03-22T09:43:26Z	PAID	USD	USD 422.66	{"source": "search", "medium": "cpc", "campaign": "retargeting"}	22/03/2025 19:30
o_1260	c_0286	2025-03-22T09:26:31Z	paid	USD	104.41	{"source": "search", "medium": "cpc", "campaign": "prospecting"}	22/03/2025 19:26
o_1261	c_0080	2025-03-22T21:13:23Z	PAID	USD	USD 258.56	{"source": "search", "medium": "cpc", "campaign": "brand"}	22/03/2025 20:14
o_1262	c_0293	2025-03-22T21:25:55Z	paid	USD	USD 183.55	{"source": "search", "medium": "cpc", "campaign": "retargeting"}	22/03/2025 08:50
o_1263	c_0344	2025-03-23T19:03:46Z	PAID	usd	USD 136.03	{"source": "paid_social", "medium": "paid_social", "campaign": "awareness"}	23/03/2025 19:57
o_1264	c_0083	2025-03-23T10:10:18Z	paid	EUR	€ 668.37	{"source": "search", "medium": "cpc", "campaign": "nonbrand"}	23/03/2025 17:47
o_1265	c_0272	2025-03-23T19:05:58Z	paid	USD	$23.81	{"source": "paid_social", "medium": "paid_social", "campaign": "newsletter"}	23/03/2025 14:04
o_1266	c_0785	2025/03/23 11:05:38-0500	Refunded	cad	227,46	{"source": "search", "medium": "cpc", "campaign": "nonbrand"}	23/03/2025 13:50
o_1267	c_0425	23/03/2025 15:25	PAID	usd	$38.23	{"source": "paid_social", "medium": "paid_social", "campaign": "newsletter"}	23/03/2025 22:13
o_1268	c_0390	2025/03/23 16:07:48-0500	Refunded	CAD	C$36.37	{"source": "search", "medium": "cpc", "campaign": "nonbrand"}	23/03/2025 14:24
o_1269	c_0554	2025-03-23T12:42:54Z	Fulfilled	EUR	9,29	{"source": "email", "medium": "email", "campaign": "brand"}	23/03/2025 18:10
o_1270	c_0076	2025-03-23T10:59:08Z	PAID	EUR	EUR 96.82	{"source": "email", "medium": "email", "campaign": "brand"}	23/03/2025 08:03
o_1271	c_0431	2025/03/23 11:24:35-0500	paid	USD	USD 196.57	{"source": "email", "medium": "email", "campaign": "brand"}	23/03/2025 15:53
o_1272	c_0785	23/03/2025 21:16	Refunded	CAD	C$18.85	{"source": "search", "medium": "cpc", "campaign": "nonbrand"}	23/03/2025 19:22
o_1273	c_0784	24/03/2025 19:35	paid	USD	USD 286.67	{"source": "display", "medium": "display", "campaign": "retargeting"}	24/03/2025 10:59
o_1274	c_0566	2025-03-24T15:52:29Z	Fulfilled	CAD	C$19.88	{"source": "paid_social", "medium": "paid_social", "campaign": "brand"}	24/03/2025 16:23
o_1275	c_0419	2025-03-24T21:48:02Z	PAID	USD	$162.90	{"source": "search", "medium": "cpc", "campaign": "nonbrand"}	24/03/2025 12:28
o_1276	c_0772	2025-03-24T21:10:23Z	PAID	USD	$38.58	{"source": "paid_social", "medium": "paid_social", "campaign": "brand"}	24/03/2025 20:07
o_1277	c_0430	2025-03-24T19:09:13Z	PAID	USD	$46.01	{"source": "paid_social", "medium": "paid_social", "campaign": "brand"}	24/03/2025 17:51
o_1278	c_0766	2025-03-24T16:40:18Z	PAID	EUR	€ 466.82	{"source": "search", "medium": "cpc", "campaign": "nonbrand"}	24/03/2025 17:09
o_1279	c_0560	2025-03-24T17:33:29Z	PAID	eur	€ 258.49	{"source": "search", "medium": "cpc", "campaign": "nonbrand"}	24/03/2025 21:40
o_1280	c_0256	2025-03-24T09:57:59Z	PAID	gbp	105.85	{"source": "display", "medium": "display", "campaign": "retargeting"}	24/03/2025 13:44
o_1281	c_0567	2025-03-24T07:36:52Z	paid	USD	$17.55	{"source": "display", "medium": "display", "campaign": "retargeting"}	24/03/2025 21:32
o_1282	c_0399	2025-03-24T12:24:12Z	Fulfilled	EUR	€ 525.02	{"source": "display", "medium": "display", "campaign": "retargeting"}	24/03/2025 13:13
o_1283	c_0202	2025-03-24T16:30:49Z	paid	USD	USD 12.63	{"source": "paid_social", "medium": "paid_social", "campaign": "brand"}	24/03/2025 22:37
o_1284	c_0131	2025/03/25 12:21:39-0500	paid	USD	399,16	{"source": "paid_social", "medium": "paid_social", "campaign": "brand"}	25/03/2025 08:55
o_1285	c_0404	2025-03-25T08:46:36Z	Fulfilled	GBP	£145.89	{"source": "search", "medium": "cpc", "campaign": "retargeting"}	25/03/2025 21:36
o_1286	c_0578	25/03/2025 12:17	PAID	CAD	C$393.73	{"source": "paid_social", "medium": "paid_social", "campaign": "brand"}	25/03/2025 19:04
o_1287	c_0028	2025-03-25T16:43:43Z	PAID	USD	$214.66	{"source": "display", "medium": "display", "campaign": "prospecting"}	25/03/2025 10:30
o_1288	c_0714	25/03/2025 17:45	paid	USD	19.41	{"source": "email", "medium": "email", "campaign": "newsletter"}	25/03/2025 12:20
o_1289	c_0139	2025/03/25 19:46:36-0500	PAID	USD	29.2	{"source": "paid_social", "medium": "paid_social", "campaign": "brand"}	25/03/2025 08:04
o_1290	c_0187	25/03/2025 19:05	Fulfilled	USD	97,12	{"source": "paid_social", "medium": "paid_social", "campaign": "brand"}	25/03/2025 13:13
o_1291	c_0389	2025-03-25T17:26:55Z	paid	USD	$125.03	{"source": "search", "medium": "cpc", "campaign": "retargeting"}	25/03/2025 10:05
o_1292	c_0217	2025-03-25T11:04:26Z	PAID	USD	$12.76	{"source": "paid_social", "medium": "paid_social", "campaign": "brand"}	25/03/2025 08:19
o_1293	c_0335	2025-03-25T07:08:13Z	PAID	gbp	GBP 119.01	{"source": "display", "medium": "display", "campaign": "prospecting"}	25/03/2025 12:47
o_1294	c_0780	2025-03-25T13:18:37Z	PAID	USD	201.09	{"source": "paid_social", "medium": "paid_social", "campaign": "brand"}	25/03/2025 13:25
o_1295	c_0771	2025-03-25T07:22:09Z	PAID	USD	$96.43	{"source": "paid_social", "medium": "paid_social", "campaign": "promo"}	25/03/2025 19:16
o_1296	c_0084	2025-03-25T07:57:41Z	PAID	GBP	GBP 31.70	{"source": "paid_social", "medium": "paid_social", "campaign": "nonbrand"}	25/03/2025 16:40
o_1297	c_0792	2025/03/25 16:28:23-0500	paid	USD	USD 17.03	{"source": "paid_social", "medium": "paid_social", "campaign": "nonbrand"}	25/03/2025 14:47
o_1298	c_0070	26/03/2025 16:39	PAID	USD	217.15	{"source": "search", "medium": "cpc", "campaign": "brand"}	26/03/2025 14:35
o_1299	c_0230	2025-03-26T21:44:27Z	PAID	USD	$580.94	{"source": "paid_social", "medium": "paid_social", "campaign": "retargeting"}	26/03/2025 20:03
o_1300	c_0071	2025-03-26T15:41:12Z	PAID	USD	$283.51	{"source": "search", "medium": "cpc", "campaign": "nonbrand"}	26/03/2025 15:45
o_1301	c_0773	2025/03/26 07:37:04-0500	PAID	GBP	GBP 37.12	{"source": "display", "medium": "display", "campaign": "awareness"}	26/03/2025 19:12
o_1302	c_0268	2025/03/26 16:25:16-0500	paid	usd	46,39	{"source": "search", "medium": "cpc", "campaign": "nonbrand"}	26/03/2025 18:27
o_1303	c_0021	2025-03-26T08:29:12Z	paid	usd	$154.64	{"source": "search", "medium": "cpc", "campaign": "brand"}	26/03/2025 21:01
o_1304	c_0157	2025-03-26T12:38:54Z	PAID	USD	91,91	{"source": "search", "medium": "cpc", "campaign": "brand"}	26/03/2025 20:55
o_1305	c_0714	26/03/2025 11:46	PAID	USD	$114.34	{"source": "display", "medium": "display", "campaign": "awareness"}	26/03/2025 14:12
o_1306	c_0578	26/03/2025 14:13	Fulfilled	CAD	CAD 45.52	{"source": "search", "medium": "cpc", "campaign": "nonbrand"}	26/03/2025 20:59
o_1307	c_0477	26/03/2025 16:29	paid	EUR	EUR 319.87	{"source": "paid_social", "medium": "paid_social", "campaign": "newsletter"}	26/03/2025 12:48
o_1308	c_0263	2025/03/26 13:54:07-0500	paid	eur	117.99	{"source": "email", "medium": "email", "campaign": "promo"}	26/03/2025 19:48
o_1309	c_0191	26/03/2025 19:30	Fulfilled	USD	562.94	{"source": "search", "medium": "cpc", "campaign": "brand"}	26/03/2025 17:49
o_1310	c_0187	2025-03-26T09:42:01Z	PAID	USD	$346.07	{"source": "paid_social", "medium": "paid_social", "campaign": "retargeting"}	26/03/2025 16:55
o_1311	c_0033	2025-03-27T17:27:37Z	Refunded	usd	369.93	{"source": "paid_social", "medium": "paid_social", "campaign": "prospecting"}	27/03/2025 12:04
o_1312	c_0694	2025/03/27 19:11:07-0500	PAID	USD	312,98	{"source": "search", "medium": "cpc", "campaign": "retargeting"}	27/03/2025 11:58
o_1313	c_0733	2025/03/27 17:08:16-0500	PAID	USD	USD 137.11	{"source": "paid_social", "medium": "paid_social", "campaign": "nonbrand"}	27/03/2025 12:34
o_1314	c_0078	2025/03/27 16:01:12-0500	paid	USD	$319.39	{"source": "paid_social", "medium": "paid_social", "campaign": "nonbrand"}	27/03/2025 22:09
o_1315	c_0249	2025/03/27 14:12:29-0500	PAID	usd	USD 192.34	{"source": "paid_social", "medium": "paid_social", "campaign": "nonbrand"}	27/03/2025 17:53
o_1316	c_0708	2025-03-27T13:08:34Z	PAID	usd	USD 147.66	{"source": "paid_social", "medium": "paid_social", "campaign": "prospecting"}	27/03/2025 21:38
o_1317	c_0124	2025/03/27 07:28:14-0500	PAID	USD	$176.21	{"source": "paid_social", "medium": "paid_social", "campaign": "nonbrand"}	27/03/2025 08:20
o_1318	c_0043	2025-03-27T18:25:03Z	paid	EUR	EUR 152.73	{"source": "paid_social", "medium": "paid_social", "campaign": "nonbrand"}	27/03/2025 19:20
o_1319	c_0439	2025/03/27 09:52:36-0500	PAID	USD	$410.58	{"source": "search", "medium": "cpc", "campaign": "brand"}	27/03/2025 17:17
o_1320	c_0071	2025-03-27T18:54:20Z	PAID	USD	$16.95	{"source": "paid_social", "medium": "paid_social", "campaign": "nonbrand"}	27/03/2025 18:39
o_1321	c_0675	2025/03/27 17:06:34-0500	paid	USD	USD 394.04	{"source": "search", "medium": "cpc", "campaign": "brand"}	27/03/2025 10:20
o_1322	c_0013	2025-03-27T21:26:12Z	PAID	EUR	€ 11.65	{"source": "search", "medium": "cpc", "campaign": "brand"}	27/03/2025 22:54
o_1323	c_0502	2025-03-27T09:00:30Z	Fulfilled	USD	$98.21	{"source": "paid_social", "medium": "paid_social", "campaign": "nonbrand"}	27/03/2025 21:17
o_1324	c_0444	2025/03/27 08:51:57-0500	PAID	GBP	GBP 373.31	{"source": "search", "medium": "cpc", "campaign": "retargeting"}	27/03/2025 15:28
o_1325	c_0471	2025/03/28 08:31:01-0500	PAID	USD	$331.93	{"source": "search", "medium": "cpc", "campaign": "retargeting"}	28/03/2025 10:16
o_1326	c_0446	2025-03-28T07:05:42Z	PAID	USD	$300.12	{"source": "search", "medium": "cpc", "campaign": "brand"}	28/03/2025 11:31
o_1327	c_0614	2025/03/28 15:10:15-0500	paid	CAD	613.54	{"source": "search", "medium": "cpc", "campaign": "nonbrand"}	28/03/2025 19:24
o_1328	c_0447	2025-03-28T11:03:28Z	PAID	EUR	783.85	{"source": "email", "medium": "email", "campaign": "promo"}	28/03/2025 22:27
o_1329	c_0256	2025-03-28T20:59:12Z	PAID	GBP	128.85	{"source": "search", "medium": "cpc", "campaign": "nonbrand"}	28/03/2025 08:50
o_1330	c_0252	2025-03-28T10:40:47Z	paid	eur	€ 299.87	{"source": "search", "medium": "cpc", "campaign": "brand"}	28/03/2025 15:59
o_1331	c_0266	28/03/2025 08:37	paid	USD	$553.25	{"source": "paid_social", "medium": "paid_social", "campaign": "prospecting"}	28/03/2025 15:12
o_1332	c_0566	2025/03/28 19:25:48-0500	PAID	CAD	C$149.86	{"source": "search", "medium": "cpc", "campaign": "brand"}	28/03/2025 17:33
o_1333	c_0685	2025-03-28T19:58:38Z	PAID	USD	10.69	{"source": "search", "medium": "cpc", "campaign": "brand"}	28/03/2025 14:59
o_1334	c_0345	2025-03-28T14:28:32Z	paid	USD	USD 284.96	{"source": "search", "medium": "cpc", "campaign": "retargeting"}	28/03/2025 13:31
o_1335	c_0187	28/03/2025 17:43	PAID	usd	$26.99	{"source": "search", "medium": "cpc", "campaign": "nonbrand"}	28/03/2025 16:39
o_1336	c_0218	2025-03-28T20:53:46Z	PAID	USD	USD 322.20	{"source": "search", "medium": "cpc", "campaign": "brand"}	28/03/2025 19:35
o_1337	c_0349	2025-03-28T11:07:39Z	PAID	USD	USD 249.09	{"source": "search", "medium": "cpc", "campaign": "nonbrand"}	28/03/2025 20:35
o_1338	c_0719	29/03/2025 13:39	PAID	CAD	121.85	{"source": "paid_social", "medium": "paid_social", "campaign": "nonbrand"}	29/03/2025 11:58
o_1339	c_0530	29/03/2025 19:58	PAID	EUR	€ 49.27	{"source": "search", "medium": "cpc", "campaign": "brand"}	29/03/2025 20:38
o_1340	c_0088	29/03/2025 13:30	PAID	USD	USD 60.07	{"source": "paid_social", "medium": "paid_social", "campaign": "prospecting"}	29/03/2025 13:42
o_1341	c_0501	2025-03-29T21:09:02Z	PAID	CAD	C$17.28	{"source": "paid_social", "medium": "paid_social", "campaign": "prospecting"}	29/03/2025 18:45
o_1342	c_0777	2025/03/29 09:36:04-0500	PAID	USD	$58.37	{"source": "display", "medium": "display", "campaign": "awareness"}	29/03/2025 18:20
o_1343	c_0675	2025-03-29T09:43:27Z	paid	USD	$200.94	{"source": "paid_social", "medium": "paid_social", "campaign": "nonbrand"}	29/03/2025 17:21
o_1344	c_0690	2025-03-29T21:11:14Z	Fulfilled	USD	USD 29.24	{"source": "search", "medium": "cpc", "campaign": "promo"}	29/03/2025 15:15
o_1345	c_0459	2025-03-29T16:20:03Z	PAID	EUR	30.6	{"source": "paid_social", "medium": "paid_social", "campaign": "nonbrand"}	29/03/2025 16:25
o_1346	c_0096	2025-03-29T11:41:04Z	Refunded	EUR	96.26	{"source": "email", "medium": "email", "campaign": "retargeting"}	29/03/2025 14:14
o_1347	c_0227	29/03/2025 19:06	paid	USD	$9.95	{"source": "paid_social", "medium": "paid_social", "campaign": "nonbrand"}	29/03/2025 08:33
o_1348	c_0709	2025-03-30T07:18:23Z	paid	USD	$136.03	{"source": "paid_social", "medium": "paid_social", "campaign": "promo"}	30/03/2025 15:16
o_1349	c_0624	2025/03/30 13:43:33-0500	Refunded	USD	$306.61	{"source": "search", "medium": "cpc", "campaign": "prospecting"}	30/03/2025 16:28
o_1350	c_0378	2025-03-30T09:25:38Z	Refunded	CAD	C$36.25	{"source": "search", "medium": "cpc", "campaign": "nonbrand"}	30/03/2025 21:21
o_1351	c_0498	2025-03-30T13:56:35Z	paid	USD	$333.68	{"source": "search", "medium": "cpc", "campaign": "nonbrand"}	30/03/2025 16:25
o_1352	c_0339	2025-03-30T09:04:11Z	PAID	USD	$217.41	{"source": "display", "medium": "display", "campaign": "retargeting"}	30/03/2025 15:47
o_1353	c_0314	2025-03-30T11:40:52Z	PAID	usd	$449.10	{"source": "search", "medium": "cpc", "campaign": "nonbrand"}	30/03/2025 20:18
o_1354	c_0683	2025-03-30T09:46:24Z	paid	USD	167.36	{"source": "search", "medium": "cpc", "campaign": "brand"}	30/03/2025 12:12
o_1355	c_0324	2025-03-30T12:12:51Z	Fulfilled	USD	$122.95	{"source": "search", "medium": "cpc", "campaign": "brand"}	30/03/2025 19:51
o_1356	c_0761	30/03/2025 08:25	PAID	USD	USD 53.80	{"source": "search", "medium": "cpc", "campaign": "retargeting"}	30/03/2025 20:48
o_1357	c_0197	2025-03-31T08:12:51Z	PAID	USD	67.88	{"source": "paid_social", "medium": "paid_social", "campaign": "nonbrand"}	31/03/2025 17:37
o_1358	c_0254	31/03/2025 08:23	PAID	eur	EUR 477.08	{"source": "display", "medium": "display", "campaign": "awareness"}	31/03/2025 17:11
o_1359	c_0550	2025-03-31T19:13:12Z	paid	EUR	19.47	{"source": "display", "medium": "display", "campaign": "retargeting"}	31/03/2025 22:48
o_1360	c_0612	31/03/2025 18:37	paid	cad	CAD 75.03	{"source": "paid_social", "medium": "paid_social", "campaign": "brand"}	31/03/2025 08:15
o_1361	c_0095	2025-03-31T14:13:22Z	PAID	USD	USD 46.76	{"source": "paid_social", "medium": "paid_social", "campaign": "brand"}	31/03/2025 15:31
o_1362	c_0304	2025/03/31 14:39:45-0500	paid	EUR	€ 267.73	{"source": "paid_social", "medium": "paid_social", "campaign": "prospecting"}	31/03/2025 22:27
o_1363	c_0310	2025/03/31 13:45:25-0500	PAID	USD	$17.11	{"source": "search", "medium": "cpc", "campaign": "newsletter"}	31/03/2025 15:37
o_1364	c_0655	2025-03-31T12:11:38Z	PAID	USD	$118.64	{"source": "paid_social", "medium": "paid_social", "campaign": "promo"}	31/03/2025 08:43
o_1365	c_0281	2025-03-31T20:34:26Z	PAID	GBP	£246.32	{"source": "paid_social", "medium": "paid_social", "campaign": "retargeting"}	31/03/2025 09:37
o_1366	c_0498	2025/03/31 20:51:30-0500	paid	USD	USD 79.36	{"source": "paid_social", "medium": "paid_social", "campaign": "brand"}	31/03/2025 20:35
o_1367	c_0634	2025-03-31T07:18:03Z	paid	USD	USD 79.72	{"source": "paid_social", "medium": "paid_social", "campaign": "nonbrand"}	31/03/2025 15:45
o_1368	c_0654	2025-03-31T17:48:42Z	Refunded	GBP	13.39	{"source": "paid_social", "medium": "paid_social", "campaign": "brand"}	31/03/2025 20:30
o_1369	c_0106	2025-03-31T18:31:25Z	paid	USD	$315.65	{"source": "paid_social", "medium": "paid_social", "campaign": "retargeting"}	31/03/2025 10:04
o_1370	c_0292	2025/03/31 16:31:59-0500	PAID	EUR	EUR 15.24	{"source": "paid_social", "medium": "paid_social", "campaign": "nonbrand"}	31/03/2025 15:33
o_1371	c_0423	2025/03/31 08:24:23-0500	PAID	usd	170.12	{"source": "paid_social", "medium": "paid_social", "campaign": "retargeting"}	31/03/2025 18:49
o_1372	c_0189	2025-03-31T19:45:11Z	PAID	USD	$14.22	{"source": "paid_social", "medium": "paid_social", "campaign": "brand"}	31/03/2025 15:22
o_1373	c_0259	2025-04-01T13:19:48Z	Fulfilled	GBP	£12.61	{"source": "paid_social", "medium": "paid_social", "campaign": "retargeting"}	01/04/2025 19:26
o_1374	c_0117	2025/04/01 07:26:29-0500	PAID	GBP	£127.51	{"source": "display", "medium": "display", "campaign": "retargeting"}	01/04/2025 12:15
o_1375	c_0504	2025/04/01 20:17:11-0500	PAID	usd	USD 287.02	{"source": "email", "medium": "email", "campaign": "nonbrand"}	01/04/2025 19:12
o_1376	c_0554	2025-04-01T08:56:24Z	PAID	EUR	EUR 240.77	{"source": "paid_social", "medium": "paid_social", "campaign": "brand"}	01/04/2025 12:11
o_1377	c_0135	2025-04-01T18:52:16Z	Fulfilled	USD	USD 26.20	{"source": "email", "medium": "email", "campaign": "nonbrand"}	01/04/2025 21:35
o_1378	c_0577	2025/04/01 14:20:36-0500	Fulfilled	CAD	CAD 210.38	{"source": "paid_social", "medium": "paid_social", "campaign": "brand"}	01/04/2025 22:47
o_1379	c_0255	2025-04-01T17:52:47Z	paid	EUR	EUR 191.31	{"source": "display", "medium": "display", "campaign": "retargeting"}	01/04/2025 20:48
o_1380	c_0471	2025-04-01T07:26:59Z	PAID	USD	USD 187.31	{"source": "paid_social", "medium": "paid_social", "campaign": "retargeting"}	01/04/2025 18:04
o_1381	c_0506	2025-04-01T18:44:28Z	Cancelled	USD	USD 136.86	{"source": "display", "medium": "display", "campaign": "newsletter"}	01/04/2025 09:14
o_1382	c_0232	01/04/2025 11:54	PAID	USD	$18.14	{"source": "email", "medium": "email", "campaign": "nonbrand"}	01/04/2025 10:13
o_1383	c_0390	2025-04-01T12:00:53Z	Cancelled	CAD	CAD 271.82	{"source": "paid_social", "medium": "paid_social", "campaign": "brand"}	01/04/2025 20:30
o_1384	c_0256	2025-04-01T13:29:11Z	PAID	gbp	£266.68	{"source": "display", "medium": "display", "campaign": "awareness"}	01/04/2025 16:46
o_1385	c_0477	2025-04-01T12:13:36Z	PAID	EUR	EUR 432.79	{"source": "paid_social", "medium": "paid_social", "campaign": "retargeting"}	01/04/2025 16:51
o_1386	c_0062	2025-04-01T21:19:35Z	paid	USD	USD 424.55	{"source": "paid_social", "medium": "paid_social", "campaign": "brand"}	01/04/2025 20:23
o_1387	c_0641	2025-04-02T09:45:56Z	PAID	gbp	GBP 42.84	{"source": "paid_social", "medium": "paid_social", "campaign": "nonbrand"}	02/04/2025 10:46
o_1388	c_0271	2025/04/02 15:28:14-0500	PAID	USD	$657.06	{"source": "email", "medium": "email", "campaign": "brand"}	02/04/2025 21:51
o_1389	c_0076	2025-04-02T11:04:10Z	Fulfilled	EUR	EUR 70.40	{"source": "email", "medium": "email", "campaign": "promo"}	02/04/2025 16:09
o_1390	c_0178	2025-04-02T20:59:38Z	paid	USD	$21.24	{"source": "paid_social", "medium": "paid_social", "campaign": "nonbrand"}	02/04/2025 15:52
o_1391	c_0077	2025-04-02T12:27:36Z	Fulfilled	USD	36.14	{"source": "display", "medium": "display", "campaign": "prospecting"}	02/04/2025 16:31
o_1392	c_0008	2025-04-02T14:52:57Z	Cancelled	USD	USD 31.29	{"source": "email", "medium": "email", "campaign": "promo"}	02/04/2025 11:29
o_1393	c_0360	2025-04-02T10:13:37Z	PAID	USD	USD 582.64	{"source": "display", "medium": "display", "campaign": "prospecting"}	02/04/2025 12:42
o_1394	c_0609	2025/04/02 18:58:07-0500	paid	USD	12.71	{"source": "paid_social", "medium": "paid_social", "campaign": "nonbrand"}	02/04/2025 21:20
o_1395	c_0299	2025-04-02T10:14:28Z	paid	USD	USD 259.98	{"source": "search", "medium": "cpc", "campaign": "retargeting"}	02/04/2025 15:32
o_1396	c_0724	2025-04-02T16:41:19Z	PAID	usd	$198.83	{"source": "email", "medium": "email", "campaign": "newsletter"}	02/04/2025 14:51
o_1397	c_0704	2025-04-02T16:43:45Z	PAID	EUR	€ 126.24	{"source": "email", "medium": "email", "campaign": "newsletter"}	02/04/2025 22:04
o_1398	c_0641	2025/04/02 13:30:29-0500	PAID	GBP	£170.84	{"source": "email", "medium": "email", "campaign": "brand"}	02/04/2025 20:08
o_1399	c_0678	2025/04/02 21:22:16-0500	paid	USD	43.82	{"source": "email", "medium": "email", "campaign": "brand"}	02/04/2025 17:19
o_1400	c_0436	2025-04-02T13:33:33Z	PAID	EUR	€ 137.97	{"source": "paid_social", "medium": "paid_social", "campaign": "nonbrand"}	02/04/2025 16:42
o_1401	c_0231	2025-04-03T17:41:10Z	PAID	usd	$498.10	{"source": "paid_social", "medium": "paid_social", "campaign": "prospecting"}	03/04/2025 12:00
o_1402	c_0131	2025/04/03 09:19:47-0500	PAID	USD	USD 156.02	{"source": "paid_social", "medium": "paid_social", "campaign": "prospecting"}	03/04/2025 11:49
o_1403	c_0146	2025/04/03 14:08:38-0500	PAID	CAD	94,93	{"source": "search", "medium": "cpc", "campaign": "nonbrand"}	03/04/2025 17:09
o_1404	c_0062	2025-04-03T11:27:19Z	paid	USD	$33.30	{"source": "email", "medium": "email", "campaign": "brand"}	03/04/2025 09:46
o_1405	c_0656	2025/04/03 15:53:39-0500	PAID	USD	$570.63	{"source": "paid_social", "medium": "paid_social", "campaign": "prospecting"}	03/04/2025 22:09
o_1406	c_0296	2025/04/03 20:43:30-0500	paid	CAD	C$11.84	{"source": "search", "medium": "cpc", "campaign": "promo"}	03/04/2025 13:56
o_1407	c_0128	2025-04-03T14:01:25Z	PAID	USD	USD 15.26	{"source": "paid_social", "medium": "paid_social", "campaign": "prospecting"}	03/04/2025 08:21
o_1408	c_0706	2025-04-03T08:19:58Z	PAID	cad	CAD 80.47	{"source": "paid_social", "medium": "paid_social", "campaign": "prospecting"}	03/04/2025 15:23
o_1409	c_0773	2025-04-03T18:33:00Z	PAID	GBP	£156.02	{"source": "email", "medium": "email", "campaign": "brand"}	03/04/2025 21:26
o_1410	c_0513	2025-04-03T17:58:08Z	PAID	USD	$231.41	{"source": "search", "medium": "cpc", "campaign": "nonbrand"}	03/04/2025 21:18
o_1411	c_0076	2025-04-03T15:52:13Z	PAID	EUR	€ 355.73	{"source": "email", "medium": "email", "campaign": "brand"}	03/04/2025 12:09
o_1412	c_0443	2025-04-03T09:15:51Z	PAID	USD	548,16	{"source": "email", "medium": "email", "campaign": "brand"}	03/04/2025 22:16
o_1413	c_0331	2025-04-03T10:31:04Z	paid	USD	USD 293.05	{"source": "email", "medium": "email", "campaign": "brand"}	03/04/2025 21:14
o_1414	c_0219	2025/04/03 09:10:28-0500	Fulfilled	USD	USD 35.92	{"source": "search", "medium": "cpc", "campaign": "nonbrand"}	03/04/2025 18:18
o_1415	c_0094	2025-04-03T19:02:22Z	PAID	EUR	€ 81.95	{"source": "email", "medium": "email", "campaign": "brand"}	03/04/2025 12:03
o_1416	c_0691	2025-04-04T17:03:18Z	PAID	USD	779,63	{"source": "paid_social", "medium": "paid_social", "campaign": "retargeting"}	04/04/2025 15:07
o_1417	c_0784	2025-04-04T13:27:44Z	paid	USD	USD 606.23	{"source": "email", "medium": "email", "campaign": "nonbrand"}	04/04/2025 19:05
o_1418	c_0675	2025-04-04T15:19:20Z	PAID	USD	$138.81	{"source": "paid_social", "medium": "paid_social", "campaign": "brand"}	04/04/2025 21:36
o_1419	c_0591	04/04/2025 19:23	PAID	USD	$71.88	{"source": "paid_social", "medium": "paid_social", "campaign": "retargeting"}	04/04/2025 10:06
o_1420	c_0482	2025-04-04T13:00:33Z	paid	USD	425	{"source": "email", "medium": "email", "campaign": "nonbrand"}	04/04/2025 12:17
o_1421	c_0706	04/04/2025 11:43	PAID	cad	174.28	{"source": "email", "medium": "email", "campaign": "nonbrand"}	04/04/2025 08:15
o_1422	c_0186	2025-04-04T14:12:00Z	PAID	USD	$146.90	{"source": "email", "medium": "email", "campaign": "nonbrand"}	04/04/2025 16:08
o_1423	c_0447	2025-04-04T07:53:29Z	Fulfilled	EUR	EUR 201.88	{"source": "paid_social", "medium": "paid_social", "campaign": "retargeting"}	04/04/2025 21:13
o_1424	c_0777	2025/04/04 17:43:10-0500	PAID	USD	$134.59	{"source": "email", "medium": "email", "campaign": "nonbrand"}	04/04/2025 15:31
o_1425	c_0554	2025-04-04T13:12:13Z	PAID	EUR	EUR 11.39	{"source": "paid_social", "medium": "paid_social", "campaign": "brand"}	04/04/2025 22:26
o_1426	c_0518	2025-04-04T12:05:10Z	PAID	USD	USD 244.71	{"source": "search", "medium": "cpc", "campaign": "prospecting"}	04/04/2025 18:22
o_1427	c_0186	2025-04-04T12:44:44Z	PAID	USD	USD 29.62	{"source": "paid_social", "medium": "paid_social", "campaign": "retargeting"}	04/04/2025 20:47
o_1428	c_0338	04/04/2025 10:45	PAID	CAD	162.44	{"source": "paid_social", "medium": "paid_social", "campaign": "retargeting"}	04/04/2025 22:23
o_1429	c_0679	2025/04/04 07:09:44-0500	PAID	CAD	CAD 10.49	{"source": "paid_social", "medium": "paid_social", "campaign": "brand"}	04/04/2025 13:10
o_1430	c_0071	2025/04/04 08:57:13-0500	paid	USD	$115.37	{"source": "display", "medium": "display", "campaign": "awareness"}	04/04/2025 17:36
o_1431	c_0323	2025/04/05 14:45:45-0500	PAID	EUR	158.73	{"source": "search", "medium": "cpc", "campaign": "retargeting"}	05/04/2025 10:18
o_1432	c_0332	2025-04-05T18:44:46Z	PAID	USD	$117.05	{"source": "search", "medium": "cpc", "campaign": "brand"}	05/04/2025 16:59
o_1433	c_0792	2025-04-05T08:42:31Z	PAID	USD	$20.18	{"source": "paid_social", "medium": "paid_social", "campaign": "nonbrand"}	05/04/2025 09:44
o_1434	c_0527	2025/04/05 18:47:29-0500	PAID	USD	USD 19.01	{"source": "search", "medium": "cpc", "campaign": "brand"}	05/04/2025 20:12
o_1435	c_0674	2025-04-05T21:10:08Z	PAID	cad	C$35.76	{"source": "search", "medium": "cpc", "campaign": "brand"}	05/04/2025 15:00
o_1436	c_0424	2025-04-05T21:54:14Z	paid	USD	USD 139.04	{"source": "paid_social", "medium": "paid_social", "campaign": "prospecting"}	05/04/2025 17:53
o_1437	c_0371	2025-04-05T18:28:19Z	Refunded	usd	$379.60	{"source": "email", "medium": "email", "campaign": "retargeting"}	05/04/2025 19:53
o_1438	c_0779	2025/04/05 09:00:14-0500	paid	GBP	GBP 16.04	{"source": "paid_social", "medium": "paid_social", "campaign": "prospecting"}	05/04/2025 22:59
o_1439	c_0314	2025/04/05 09:10:26-0500	paid	USD	USD 84.07	{"source": "paid_social", "medium": "paid_social", "campaign": "prospecting"}	05/04/2025 08:10
o_1440	c_0220	2025-04-06T11:39:55Z	PAID	USD	128,75	{"source": "display", "medium": "display", "campaign": "retargeting"}	06/04/2025 22:51
o_1441	c_0716	2025-04-06T08:30:10Z	PAID	usd	USD 154.54	{"source": "email", "medium": "email", "campaign": "nonbrand"}	06/04/2025 22:07
o_1442	c_0062	2025-04-06T20:29:59Z	PAID	USD	$202.26	{"source": "search", "medium": "cpc", "campaign": "prospecting"}	06/04/2025 14:23
o_1443	c_0349	2025-04-06T13:47:06Z	PAID	USD	$318.55	{"source": "paid_social", "medium": "paid_social", "campaign": "retargeting"}	06/04/2025 12:29
o_1444	c_0469	2025/04/06 08:04:04-0500	PAID	USD	USD 71.00	{"source": "paid_social", "medium": "paid_social", "campaign": "retargeting"}	06/04/2025 21:03
o_1445	c_0566	2025-04-06T19:44:37Z	PAID	CAD	CAD 9.23	{"source": "paid_social", "medium": "paid_social", "campaign": "retargeting"}	06/04/2025 14:15
o_1446	c_0096	2025-04-06T07:24:13Z	paid	EUR	€ 50.56	{"source": "display", "medium": "display", "campaign": "awareness"}	06/04/2025 13:14
o_1447	c_0117	2025-04-06T16:48:26Z	PAID	gbp	GBP 14.33	{"source": "search", "medium": "cpc", "campaign": "brand"}	06/04/2025 20:56
o_1448	c_0121	2025-04-06T15:27:09Z	Fulfilled	USD	USD 613.37	{"source": "search", "medium": "cpc", "campaign": "brand"}	06/04/2025 18:37
o_1449	c_0158	2025-04-07T17:27:29Z	PAID	GBP	15,29	{"source": "search", "medium": "cpc", "campaign": "retargeting"}	07/04/2025 16:34
o_1450	c_0734	2025-04-07T18:38:42Z	paid	USD	$504.58	{"source": "email", "medium": "email", "campaign": "promo"}	07/04/2025 10:28
o_1451	c_0426	07/04/2025 14:38	PAID	CAD	C$15.81	{"source": "search", "medium": "cpc", "campaign": "brand"}	07/04/2025 14:48
o_1452	c_0716	07/04/2025 07:17	PAID	USD	$49.12	{"source": "paid_social", "medium": "paid_social", "campaign": "nonbrand"}	07/04/2025 08:51
o_1453	c_0468	2025-04-07T15:05:23Z	paid	EUR	47.17	{"source": "paid_social", "medium": "paid_social", "campaign": "nonbrand"}	07/04/2025 20:07
o_1454	c_0393	2025-04-07T07:25:54Z	PAID	CAD	CAD 49.67	{"source": "paid_social", "medium": "paid_social", "campaign": "nonbrand"}	07/04/2025 16:43
o_1455	c_0771	07/04/2025 13:30	PAID	USD	USD 296.72	{"source": "search", "medium": "cpc", "campaign": "retargeting"}	07/04/2025 16:58
o_1456	c_0072	2025-04-07T09:49:05Z	PAID	EUR	€ 214.94	{"source": "email", "medium": "email", "campaign": "prospecting"}	07/04/2025 17:08
o_1457	c_0520	2025-04-07T19:06:33Z	PAID	USD	$253.77	{"source": "paid_social", "medium": "paid_social", "campaign": "retargeting"}	07/04/2025 21:46
o_1458	c_0010	2025-04-07T17:51:24Z	PAID	USD	$67.63	{"source": "display", "medium": "display", "campaign": "awareness"}	07/04/2025 08:43
o_1459	c_0744	07/04/2025 17:28	PAID	USD	97.26	{"source": "paid_social", "medium": "paid_social", "campaign": "nonbrand"}	07/04/2025 19:46
o_1460	c_0602	2025-04-07T19:17:07Z	paid	usd	429.77	{"source": "search", "medium": "cpc", "campaign": "brand"}	07/04/2025 09:22
o_1461	c_0734	07/04/2025 11:07	PAID	USD	USD 29.83	{"source": "email", "medium": "email", "campaign": "prospecting"}	07/04/2025 10:36
o_1462	c_0680	2025-04-07T21:55:05Z	PAID	gbp	£49.95	{"source": "search", "medium": "cpc", "campaign": "brand"}	07/04/2025 10:46
o_1463	c_0506	2025-04-07T08:30:37Z	PAID	USD	115,56	{"source": "search", "medium": "cpc", "campaign": "retargeting"}	07/04/2025 17:45
o_1464	c_0566	2025/04/07 20:06:36-0500	Fulfilled	CAD	C$18.09	{"source": "search", "medium": "cpc", "campaign": "brand"}	07/04/2025 13:40
o_1465	c_0387	07/04/2025 07:45	PAID	usd	$14.52	{"source": "email", "medium": "email", "campaign": "prospecting"}	07/04/2025 19:51
o_1466	c_0330	2025/04/08 09:01:21-0500	Cancelled	USD	529,18	{"source": "paid_social", "medium": "paid_social", "campaign": "retargeting"}	08/04/2025 21:07
o_1467	c_0575	2025/04/08 08:51:53-0500	paid	USD	USD 56.89	{"source": "search", "medium": "cpc", "campaign": "awareness"}	08/04/2025 13:12
o_1468	c_0795	2025-04-08T14:34:17Z	Refunded	USD	$29.56	{"source": "search", "medium": "cpc", "campaign": "nonbrand"}	08/04/2025 15:36
o_1469	c_0045	2025-04-08T13:09:28Z	PAID	USD	USD 148.30	{"source": "display", "medium": "display", "campaign": "retargeting"}	08/04/2025 19:23
o_1470	c_0571	2025-04-08T20:26:32Z	PAID	EUR	€ 9.82	{"source": "paid_social", "medium": "paid_social", "campaign": "prospecting"}	08/04/2025 21:28
o_1471	c_0680	2025-04-08T21:41:52Z	Cancelled	GBP	GBP 478.28	{"source": "email", "medium": "email", "campaign": "brand"}	08/04/2025 16:01
o_1472	c_0508	2025-04-08T16:23:50Z	PAID	USD	$162.14	{"source": "paid_social", "medium": "paid_social", "campaign": "retargeting"}	08/04/2025 19:05
o_1473	c_0605	08/04/2025 21:48	PAID	CAD	146.34	{"source": "paid_social", "medium": "paid_social", "campaign": "prospecting"}	08/04/2025 11:43
o_1474	c_0103	2025/04/08 08:44:10-0500	Fulfilled	USD	402.85	{"source": "email", "medium": "email", "campaign": "brand"}	08/04/2025 22:23
o_1475	c_0777	2025-04-08T10:42:15Z	PAID	USD	$23.30	{"source": "search", "medium": "cpc", "campaign": "nonbrand"}	08/04/2025 11:51
o_1476	c_0033	2025-04-08T18:21:08Z	PAID	USD	293.24	{"source": "paid_social", "medium": "paid_social", "campaign": "promo"}	08/04/2025 17:17
o_1477	c_0420	2025-04-08T08:07:09Z	Refunded	CAD	C$704.01	{"source": "paid_social", "medium": "paid_social", "campaign": "prospecting"}	08/04/2025 16:57
o_1478	c_0077	2025-04-08T17:33:40Z	PAID	USD	USD 11.29	{"source": "paid_social", "medium": "paid_social", "campaign": "prospecting"}	08/04/2025 19:22
o_1479	c_0390	2025/04/08 21:50:34-0500	Fulfilled	cad	C$318.40	{"source": "search", "medium": "cpc", "campaign": "nonbrand"}	08/04/2025 12:35
o_1480	c_0710	2025-04-09T09:07:25Z	PAID	eur	10,95	{"source": "paid_social", "medium": "paid_social", "campaign": "nonbrand"}	09/04/2025 12:20
o_1481	c_0131	09/04/2025 20:19	Fulfilled	USD	$721.69	{"source": "search", "medium": "cpc", "campaign": "brand"}	09/04/2025 18:55
o_1482	c_0779	2025-04-09T14:01:24Z	Fulfilled	GBP	193,93	{"source": "search", "medium": "cpc", "campaign": "brand"}	09/04/2025 14:33
o_1483	c_0785	2025/04/09 15:31:32-0500	PAID	CAD	C$378.68	{"source": "search", "medium": "cpc", "campaign": "awareness"}	09/04/2025 17:57
o_1484	c_0115	2025-04-09T21:14:16Z	PAID	USD	$43.03	{"source": "search", "medium": "cpc", "campaign": "awareness"}	09/04/2025 11:53
o_1485	c_0423	2025-04-09T16:41:56Z	Cancelled	USD	$46.45	{"source": "paid_social", "medium": "paid_social", "campaign": "nonbrand"}	09/04/2025 11:49
o_1486	c_0765	09/04/2025 12:42	Cancelled	gbp	GBP 110.31	{"source": "search", "medium": "cpc", "campaign": "retargeting"}	09/04/2025 21:34
o_1487	c_0445	2025-04-09T16:46:22Z	PAID	USD	USD 892.51	{"source": "display", "medium": "display", "campaign": "prospecting"}	09/04/2025 16:15
o_1488	c_0455	2025/04/09 15:07:32-0500	PAID	USD	$150.23	{"source": "display", "medium": "display", "campaign": "prospecting"}	09/04/2025 20:22
o_1489	c_0080	09/04/2025 09:35	paid	USD	USD 132.80	{"source": "paid_social", "medium": "paid_social", "campaign": "nonbrand"}	09/04/2025 17:22
o_1490	c_0301	2025/04/09 15:41:33-0500	PAID	USD	$148.10	{"source": "display", "medium": "display", "campaign": "prospecting"}	09/04/2025 11:12
o_1491	c_0384	2025-04-09T14:57:38Z	PAID	EUR	€ 93.82	{"source": "paid_social", "medium": "paid_social", "campaign": "retargeting"}	09/04/2025 11:28
o_1492	c_0766	2025-04-09T15:30:55Z	PAID	EUR	€ 9.24	{"source": "search", "medium": "cpc", "campaign": "brand"}	09/04/2025 10:16
o_1493	c_0580	2025-04-09T10:52:30Z	paid	cad	C$255.44	{"source": "search", "medium": "cpc", "campaign": "retargeting"}	09/04/2025 13:37
o_1494	c_0272	2025/04/10 15:40:55-0500	PAID	USD	335.19	{"source": "display", "medium": "display", "campaign": "retargeting"}	10/04/2025 11:01
o_1495	c_0128	2025-04-10T11:22:20Z	PAID	USD	$151.45	{"source": "search", "medium": "cpc", "campaign": "brand"}	10/04/2025 15:39
o_1496	c_0392	2025-04-10T08:12:38Z	PAID	cad	CAD 187.11	{"source": "paid_social", "medium": "paid_social", "campaign": "newsletter"}	10/04/2025 20:41
o_1497	c_0700	2025/04/10 19:18:21-0500	Fulfilled	CAD	C$175.05	{"source": "search", "medium": "cpc", "campaign": "brand"}	10/04/2025 15:15
o_1498	c_0227	2025/04/10 07:37:27-0500	PAID	USD	USD 57.99	{"source": "search", "medium": "cpc", "campaign": "prospecting"}	10/04/2025 21:44
o_1499	c_0678	2025-04-10T17:23:36Z	PAID	usd	$200.87	{"source": "search", "medium": "cpc", "campaign": "prospecting"}	10/04/2025 11:19
o_1500	c_0261	2025-04-10T12:44:57Z	PAID	USD	$191.70	{"source": "search", "medium": "cpc", "campaign": "prospecting"}	10/04/2025 14:12
o_1501	c_0683	10/04/2025 15:32	paid	usd	USD 17.04	{"source": "paid_social", "medium": "paid_social", "campaign": "newsletter"}	10/04/2025 21:53
o_1502	c_0477	2025/04/10 12:31:06-0500	PAID	EUR	€ 761.91	{"source": "search", "medium": "cpc", "campaign": "brand"}	10/04/2025 21:23
o_1503	c_0560	2025-04-10T20:47:04Z	paid	eur	€ 159.92	{"source": "search", "medium": "cpc", "campaign": "promo"}	10/04/2025 11:32
o_1504	c_0453	2025/04/10 21:42:15-0500	Fulfilled	USD	USD 287.85	{"source": "search", "medium": "cpc", "campaign": "brand"}	10/04/2025 20:49
o_1505	c_0307	2025/04/10 19:30:51-0500	PAID	USD	203.57	{"source": "search", "medium": "cpc", "campaign": "nonbrand"}	10/04/2025 12:58
o_1506	c_0435	10/04/2025 16:21	paid	USD	USD 309.25	{"source": "display", "medium": "display", "campaign": "retargeting"}	10/04/2025 21:55
o_1507	c_0349	2025/04/10 12:32:31-0500	paid	USD	USD 174.32	{"source": "paid_social", "medium": "paid_social", "campaign": "newsletter"}	10/04/2025 17:20
o_1508	c_0204	2025-04-11T14:00:46Z	PAID	USD	USD 27.44	{"source": "paid_social", "medium": "paid_social", "campaign": "nonbrand"}	11/04/2025 10:25
o_1509	c_0110	2025/04/11 07:30:01-0500	PAID	USD	68,57	{"source": "email", "medium": "email", "campaign": "retargeting"}	11/04/2025 20:47
o_1510	c_0586	11/04/2025 15:11	PAID	EUR	€ 153.91	{"source": "paid_social", "medium": "paid_social", "campaign": "nonbrand"}	11/04/2025 11:06
o_1511	c_0419	2025-04-11T21:19:51Z	paid	USD	261,71	{"source": "paid_social", "medium": "paid_social", "campaign": "nonbrand"}	11/04/2025 19:54
o_1512	c_0303	2025-04-11T18:24:35Z	paid	USD	USD 18.45	{"source": "paid_social", "medium": "paid_social", "campaign": "prospecting"}	11/04/2025 10:20
o_1513	c_0675	2025/04/11 17:31:46-0500	Fulfilled	USD	$23.46	{"source": "display", "medium": "display", "campaign": "awareness"}	11/04/2025 18:29
o_1514	c_0389	2025-04-11T13:25:17Z	PAID	USD	$16.12	{"source": "paid_social", "medium": "paid_social", "campaign": "prospecting"}	11/04/2025 18:39
o_1515	c_0580	11/04/2025 18:40	PAID	cad	CAD 229.16	{"source": "search", "medium": "cpc", "campaign": "retargeting"}	11/04/2025 15:14
o_1516	c_0084	2025-04-11T18:49:10Z	PAID	gbp	177.58	{"source": "paid_social", "medium": "paid_social", "campaign": "nonbrand"}	11/04/2025 20:54
o_1517	c_0400	2025-04-11T12:00:24Z	PAID	USD	$725.62	{"source": "paid_social", "medium": "paid_social", "campaign": "prospecting"}	11/04/2025 20:01
o_1518	c_0225	11/04/2025 08:44	PAID	USD	$290.33	{"source": "search", "medium": "cpc", "campaign": "retargeting"}	11/04/2025 14:06
o_1519	c_0636	2025-04-11T20:45:01Z	paid	USD	$157.13	{"source": "display", "medium": "display", "campaign": "newsletter"}	11/04/2025 17:14
o_1520	c_0218	2025-04-11T16:08:49Z	PAID	USD	$545.69	{"source": "search", "medium": "cpc", "campaign": "brand"}	11/04/2025 19:29
o_1521	c_0076	2025/04/11 13:40:33-0500	Fulfilled	EUR	90,71	{"source": "email", "medium": "email", "campaign": "retargeting"}	11/04/2025 15:30
o_1522	c_0452	2025-04-12T18:47:14Z	Fulfilled	USD	USD 16.42	{"source": "search", "medium": "cpc", "campaign": "brand"}	12/04/2025 11:50
o_1523	c_0594	12/04/2025 19:33	PAID	USD	USD 134.35	{"source": "search", "medium": "cpc", "campaign": "brand"}	12/04/2025 20:48
o_1524	c_0205	2025/04/12 18:08:05-0500	Fulfilled	USD	$409.88	{"source": "display", "medium": "display", "campaign": "prospecting"}	12/04/2025 19:54
o_1525	c_0766	2025-04-12T16:32:06Z	paid	EUR	€ 47.91	{"source": "display", "medium": "display", "campaign": "prospecting"}	12/04/2025 21:46
o_1526	c_0206	2025-04-12T19:06:29Z	paid	GBP	GBP 69.68	{"source": "search", "medium": "cpc", "campaign": "brand"}	12/04/2025 22:46
o_1527	c_0375	12/04/2025 14:36	PAID	GBP	£20.40	{"source": "search", "medium": "cpc", "campaign": "nonbrand"}	12/04/2025 13:52
o_1528	c_0514	2025/04/12 14:10:05-0500	PAID	USD	USD 80.88	{"source": "search", "medium": "cpc", "campaign": "nonbrand"}	12/04/2025 21:49
o_1529	c_0169	2025-04-12T09:15:34Z	PAID	USD	USD 73.14	{"source": "display", "medium": "display", "campaign": "prospecting"}	12/04/2025 17:47
o_1530	c_0494	2025/04/12 14:09:36-0500	PAID	USD	191.45	{"source": "display", "medium": "display", "campaign": "prospecting"}	12/04/2025 16:07
o_1531	c_0118	2025-04-13T08:28:01Z	PAID	EUR	13,91	{"source": "paid_social", "medium": "paid_social", "campaign": "nonbrand"}	13/04/2025 08:25
o_1532	c_0118	2025/04/13 13:30:35-0500	PAID	EUR	111.4	{"source": "paid_social", "medium": "paid_social", "campaign": "prospecting"}	13/04/2025 17:02
o_1533	c_0571	2025-04-13T10:08:27Z	PAID	eur	143.31	{"source": "paid_social", "medium": "paid_social", "campaign": "newsletter"}	13/04/2025 19:13
o_1534	c_0093	2025-04-13T15:06:13Z	Fulfilled	USD	USD 147.23	{"source": "paid_social", "medium": "paid_social", "campaign": "retargeting"}	13/04/2025 14:52
o_1535	c_0723	2025-04-13T16:20:29Z	paid	EUR	118.54	{"source": "paid_social", "medium": "paid_social", "campaign": "brand"}	13/04/2025 13:13
o_1536	c_0466	2025-04-13T17:18:48Z	Fulfilled	EUR	€ 134.53	{"source": "paid_social", "medium": "paid_social", "campaign": "nonbrand"}	13/04/2025 15:39
o_1537	c_0689	13/04/2025 15:59	PAID	USD	USD 533.21	{"source": "paid_social", "medium": "paid_social", "campaign": "brand"}	13/04/2025 22:26
o_1538	c_0599	2025-04-13T10:06:45Z	PAID	usd	225.71	{"source": "paid_social", "medium": "paid_social", "campaign": "prospecting"}	13/04/2025 19:17
o_1539	c_0381	2025-04-13T10:27:55Z	PAID	usd	231.76	{"source": "display", "medium": "display", "campaign": "retargeting"}	13/04/2025 20:14
o_1540	c_0692	2025-04-13T19:01:52Z	PAID	usd	USD 113.43	{"source": "paid_social", "medium": "paid_social", "campaign": "nonbrand"}	13/04/2025 18:48
o_1541	c_0483	2025-04-13T17:54:18Z	paid	USD	USD 16.77	{"source": "paid_social", "medium": "paid_social", "campaign": "nonbrand"}	13/04/2025 17:41
o_1542	c_0747	2025-04-14T21:14:19Z	paid	eur	€ 286.53	{"source": "email", "medium": "email", "campaign": "promo"}	14/04/2025 19:27
o_1543	c_0306	2025/04/14 12:48:44-0500	paid	usd	USD 648.21	{"source": "paid_social", "medium": "paid_social", "campaign": "retargeting"}	14/04/2025 16:00
o_1544	c_0065	2025/04/14 08:24:58-0500	PAID	GBP	GBP 505.61	{"source": "email", "medium": "email", "campaign": "awareness"}	14/04/2025 08:19
o_1545	c_0718	14/04/2025 21:19	paid	USD	$95.61	{"source": "display", "medium": "display", "campaign": "brand"}	14/04/2025 08:26
o_1546	c_0665	2025-04-14T09:30:20Z	paid	USD	$10.43	{"source": "display", "medium": "display", "campaign": "brand"}	14/04/2025 15:12
o_1547	c_0120	14/04/2025 15:49	paid	EUR	EUR 45.72	{"source": "search", "medium": "cpc", "campaign": "nonbrand"}	14/04/2025 09:10
o_1548	c_0071	2025/04/14 19:25:28-0500	PAID	USD	78.58	{"source": "paid_social", "medium": "paid_social", "campaign": "retargeting"}	14/04/2025 12:13
o_1549	c_0505	2025-04-14T17:44:48Z	paid	USD	$474.73	{"source": "paid_social", "medium": "paid_social", "campaign": "retargeting"}	14/04/2025 18:02
o_1550	c_0315	2025-04-14T13:36:32Z	Refunded	USD	USD 64.21	{"source": "search", "medium": "cpc", "campaign": "nonbrand"}	14/04/2025 15:30
o_1551	c_0465	14/04/2025 20:17	Fulfilled	cad	CAD 145.65	{"source": "paid_social", "medium": "paid_social", "campaign": "retargeting"}	14/04/2025 21:55
o_1552	c_0687	2025/04/14 13:42:43-0500	paid	USD	$281.08	{"source": "display", "medium": "display", "campaign": "brand"}	14/04/2025 10:28
o_1553	c_0702	2025/04/14 13:49:20-0500	Fulfilled	USD	$184.78	{"source": "paid_social", "medium": "paid_social", "campaign": "retargeting"}	14/04/2025 22:01
o_1554	c_0761	2025/04/14 11:15:47-0500	PAID	USD	$658.61	{"source": "paid_social", "medium": "paid_social", "campaign": "prospecting"}	14/04/2025 09:08
o_1555	c_0528	2025-04-14T16:21:03Z	paid	USD	$206.03	{"source": "paid_social", "medium": "paid_social", "campaign": "prospecting"}	14/04/2025 10:10
o_1556	c_0102	14/04/2025 07:45	paid	USD	$24.97	{"source": "paid_social", "medium": "paid_social", "campaign": "retargeting"}	14/04/2025 10:14
o_1557	c_0792	2025-04-14T11:53:32Z	paid	USD	USD 9.41	{"source": "paid_social", "medium": "paid_social", "campaign": "prospecting"}	14/04/2025 10:27
o_1558	c_0287	14/04/2025 21:53	Fulfilled	USD	USD 183.00	{"source": "search", "medium": "cpc", "campaign": "retargeting"}	14/04/2025 08:51
o_1559	c_0223	2025-04-14T09:39:44Z	paid	usd	USD 335.41	{"source": "display", "medium": "display", "campaign": "brand"}	14/04/2025 12:43
o_1560	c_0242	2025-04-15T10:39:11Z	PAID	USD	$132.37	{"source": "display", "medium": "display", "campaign": "brand"}	15/04/2025 08:06
o_1561	c_0139	15/04/2025 11:51	paid	usd	USD 186.91	{"source": "display", "medium": "display", "campaign": "retargeting"}	15/04/2025 22:56
o_1562	c_0377	2025/04/15 07:14:17-0500	Refunded	USD	USD 21.80	{"source": "search", "medium": "cpc", "campaign": "retargeting"}	15/04/2025 13:40
o_1563	c_0661	2025-04-15T09:57:59Z	paid	usd	USD 131.67	{"source": "paid_social", "medium": "paid_social", "campaign": "prospecting"}	15/04/2025 21:01
o_1564	c_0063	2025-04-15T19:47:13Z	PAID	USD	USD 93.78	{"source": "search", "medium": "cpc", "campaign": "nonbrand"}	15/04/2025 15:10
o_1565	c_0195	15/04/2025 13:01	Fulfilled	USD	$123.09	{"source": "search", "medium": "cpc", "campaign": "nonbrand"}	15/04/2025 18:52
o_1566	c_0580	2025-04-15T20:37:57Z	PAID	CAD	C$402.41	{"source": "search", "medium": "cpc", "campaign": "nonbrand"}	15/04/2025 13:45
o_1567	c_0658	2025-04-15T14:24:08Z	Cancelled	EUR	€ 211.23	{"source": "search", "medium": "cpc", "campaign": "retargeting"}	15/04/2025 18:37
o_1568	c_0612	2025-04-15T20:01:00Z	paid	CAD	346.48	{"source": "display", "medium": "display", "campaign": "awareness"}	15/04/2025 16:53
o_1569	c_0342	2025/04/15 11:11:34-0500	paid	USD	USD 636.11	{"source": "paid_social", "medium": "paid_social", "campaign": "newsletter"}	15/04/2025 08:41
o_1570	c_0272	2025-04-15T12:19:55Z	paid	USD	USD 113.98	{"source": "search", "medium": "cpc", "campaign": "nonbrand"}	15/04/2025 11:05
o_1571	c_0702	2025-04-15T11:36:01Z	PAID	USD	USD 579.40	{"source": "display", "medium": "display", "campaign": "brand"}	15/04/2025 22:38
o_1572	c_0239	2025/04/15 20:14:23-0500	PAID	USD	USD 258.40	{"source": "paid_social", "medium": "paid_social", "campaign": "prospecting"}	15/04/2025 09:17
o_1573	c_0611	2025/04/15 15:39:24-0500	Refunded	usd	$120.89	{"source": "search", "medium": "cpc", "campaign": "nonbrand"}	15/04/2025 18:51
o_1574	c_0149	2025/04/16 08:33:43-0500	paid	USD	$95.40	{"source": "search", "medium": "cpc", "campaign": "retargeting"}	16/04/2025 08:24
o_1575	c_0323	16/04/2025 10:19	PAID	EUR	29.32	{"source": "display", "medium": "display", "campaign": "awareness"}	16/04/2025 14:40
o_1576	c_0113	16/04/2025 14:40	PAID	CAD	C$217.39	{"source": "search", "medium": "cpc", "campaign": "retargeting"}	16/04/2025 18:17
o_1577	c_0187	2025/04/16 19:58:37-0500	Cancelled	USD	14.73	{"source": "paid_social", "medium": "paid_social", "campaign": "prospecting"}	16/04/2025 08:35
o_1578	c_0367	16/04/2025 20:25	Cancelled	USD	$519.05	{"source": "paid_social", "medium": "paid_social", "campaign": "prospecting"}	16/04/2025 22:07
o_1579	c_0406	2025-04-16T21:44:30Z	PAID	USD	76,87	{"source": "paid_social", "medium": "paid_social", "campaign": "nonbrand"}	16/04/2025 22:21
o_1580	c_0272	2025-04-16T13:09:36Z	PAID	USD	$66.12	{"source": "search", "medium": "cpc", "campaign": "retargeting"}	16/04/2025 13:23
o_1581	c_0760	16/04/2025 16:04	PAID	USD	$154.36	{"source": "search", "medium": "cpc", "campaign": "retargeting"}	16/04/2025 17:02
o_1582	c_0096	2025/04/16 09:07:07-0500	PAID	EUR	14.73	{"source": "paid_social", "medium": "paid_social", "campaign": "nonbrand"}	16/04/2025 21:21
o_1583	c_0460	2025/04/16 07:42:58-0500	Fulfilled	EUR	€ 160.33	{"source": "paid_social", "medium": "paid_social", "campaign": "nonbrand"}	16/04/2025 12:26
o_1584	c_0608	16/04/2025 13:52	Cancelled	usd	USD 190.73	{"source": "email", "medium": "email", "campaign": "promo"}	16/04/2025 18:05
o_1585	c_0567	2025/04/16 21:37:06-0500	PAID	USD	98.91	{"source": "paid_social", "medium": "paid_social", "campaign": "prospecting"}	16/04/2025 16:06
o_1586	c_0630	2025-04-16T15:45:15Z	paid	USD	248,12	{"source": "paid_social", "medium": "paid_social", "campaign": "prospecting"}	16/04/2025 18:03
o_1587	c_0658	2025-04-16T14:00:56Z	paid	eur	86.57	{"source": "paid_social", "medium": "paid_social", "campaign": "prospecting"}	16/04/2025 10:47
o_1588	c_0470	2025-04-16T15:28:41Z	PAID	USD	USD 472.98	{"source": "search", "medium": "cpc", "campaign": "retargeting"}	16/04/2025 12:52
o_1589	c_0491	16/04/2025 11:26	Cancelled	cad	845.02	{"source": "display", "medium": "display", "campaign": "awareness"}	16/04/2025 22:55
o_1590	c_0703	2025-04-16T17:29:45Z	PAID	EUR	€ 91.09	{"source": "paid_social", "medium": "paid_social", "campaign": "newsletter"}	16/04/2025 12:48
o_1591	c_0503	2025/04/16 21:23:10-0500	PAID	GBP	GBP 234.14	{"source": "email", "medium": "email", "campaign": "brand"}	16/04/2025 10:44
o_1592	c_0550	16/04/2025 14:04	Refunded	eur	303.89	{"source": "email", "medium": "email", "campaign": "brand"}	16/04/2025 12:40
o_1593	c_0083	2025-04-17T11:09:22Z	PAID	eur	€ 544.99	{"source": "search", "medium": "cpc", "campaign": "retargeting"}	17/04/2025 11:46
o_1594	c_0152	2025-04-17T10:49:55Z	paid	USD	$101.11	{"source": "paid_social", "medium": "paid_social", "campaign": "prospecting"}	17/04/2025 16:03
o_1595	c_0130	2025-04-17T12:44:43Z	paid	GBP	GBP 79.46	{"source": "display", "medium": "display", "campaign": "nonbrand"}	17/04/2025 12:04
o_1596	c_0640	2025-04-17T20:55:00Z	PAID	USD	$928.95	{"source": "search", "medium": "cpc", "campaign": "promo"}	17/04/2025 15:29
o_1597	c_0730	2025/04/17 16:02:42-0500	PAID	EUR	EUR 109.05	{"source": "display", "medium": "display", "campaign": "nonbrand"}	17/04/2025 15:01
o_1598	c_0463	17/04/2025 19:09	PAID	gbp	GBP 163.32	{"source": "paid_social", "medium": "paid_social", "campaign": "awareness"}	17/04/2025 20:05
o_1599	c_0544	2025-04-17T17:48:47Z	PAID	USD	79.1	{"source": "search", "medium": "cpc", "campaign": "brand"}	17/04/2025 08:25
o_1600	c_0465	2025-04-17T10:51:07Z	PAID	CAD	CAD 503.17	{"source": "paid_social", "medium": "paid_social", "campaign": "prospecting"}	17/04/2025 09:22
o_1601	c_0513	2025-04-17T10:52:47Z	paid	USD	$119.68	{"source": "search", "medium": "cpc", "campaign": "brand"}	17/04/2025 22:32
o_1602	c_0719	17/04/2025 10:39	Cancelled	CAD	C$120.31	{"source": "display", "medium": "display", "campaign": "nonbrand"}	17/04/2025 10:57
o_1603	c_0671	2025/04/17 15:06:47-0500	Cancelled	USD	$332.67	{"source": "search", "medium": "cpc", "campaign": "retargeting"}	17/04/2025 09:21
o_1604	c_0441	2025-04-17T14:25:13Z	PAID	EUR	EUR 15.05	{"source": "search", "medium": "cpc", "campaign": "brand"}	17/04/2025 21:29
o_1605	c_0234	17/04/2025 18:21	PAID	USD	$19.68	{"source": "paid_social", "medium": "paid_social", "campaign": "prospecting"}	17/04/2025 21:19
o_1606	c_0348	17/04/2025 11:21	PAID	USD	$521.80	{"source": "paid_social", "medium": "paid_social", "campaign": "prospecting"}	17/04/2025 09:36
o_1607	c_0748	2025/04/18 08:58:32-0500	PAID	EUR	€ 261.58	{"source": "search", "medium": "cpc", "campaign": "nonbrand"}	18/04/2025 16:00
o_1608	c_0504	2025/04/18 07:45:46-0500	paid	USD	135.24	{"source": "search", "medium": "cpc", "campaign": "nonbrand"}	18/04/2025 09:20
o_1609	c_0682	2025-04-18T18:13:43Z	PAID	usd	USD 346.18	{"source": "paid_social", "medium": "paid_social", "campaign": "prospecting"}	18/04/2025 19:13
o_1610	c_0157	2025-04-18T12:01:02Z	Fulfilled	USD	USD 249.22	{"source": "paid_social", "medium": "paid_social", "campaign": "prospecting"}	18/04/2025 21:17
o_1611	c_0069	2025-04-18T12:54:05Z	PAID	USD	USD 112.02	{"source": "email", "medium": "email", "campaign": "retargeting"}	18/04/2025 19:34
o_1612	c_0088	18/04/2025 19:27	Fulfilled	USD	USD 369.92	{"source": "paid_social", "medium": "paid_social", "campaign": "retargeting"}	18/04/2025 17:54
o_1613	c_0763	2025-04-18T15:36:59Z	paid	USD	USD 549.53	{"source": "paid_social", "medium": "paid_social", "campaign": "prospecting"}	18/04/2025 19:06
o_1614	c_0134	18/04/2025 11:05	PAID	EUR	19.8	{"source": "search", "medium": "cpc", "campaign": "nonbrand"}	18/04/2025 19:05
o_1615	c_0062	2025/04/18 07:28:47-0500	Cancelled	USD	$178.08	{"source": "search", "medium": "cpc", "campaign": "newsletter"}	18/04/2025 15:45
o_1616	c_0679	2025-04-18T10:49:42Z	paid	CAD	CAD 148.55	{"source": "search", "medium": "cpc", "campaign": "newsletter"}	18/04/2025 18:24
o_1617	c_0781	18/04/2025 16:16	PAID	usd	USD 191.35	{"source": "search", "medium": "cpc", "campaign": "nonbrand"}	18/04/2025 14:08
o_1618	c_0421	2025/04/18 10:46:24-0500	Fulfilled	USD	$516.38	{"source": "paid_social", "medium": "paid_social", "campaign": "retargeting"}	18/04/2025 15:32
o_1619	c_0769	2025/04/18 20:01:57-0500	PAID	eur	60,38	{"source": "search", "medium": "cpc", "campaign": "nonbrand"}	18/04/2025 16:10
o_1620	c_0295	2025-04-18T18:49:05Z	PAID	GBP	GBP 441.92	{"source": "paid_social", "medium": "paid_social", "campaign": "prospecting"}	18/04/2025 14:45
o_1621	c_0107	19/04/2025 07:26	Fulfilled	CAD	C$155.76	{"source": "email", "medium": "email", "campaign": "prospecting"}	19/04/2025 16:42
o_1622	c_0599	2025-04-19T11:43:05Z	PAID	USD	$158.03	{"source": "email", "medium": "email", "campaign": "prospecting"}	19/04/2025 21:38
o_1623	c_0202	2025-04-19T20:10:29Z	Fulfilled	USD	218.93	{"source": "search", "medium": "cpc", "campaign": "newsletter"}	19/04/2025 11:59
o_1624	c_0575	2025-04-19T19:24:43Z	PAID	USD	USD 183.79	{"source": "email", "medium": "email", "campaign": "prospecting"}	19/04/2025 15:07
o_1625	c_0423	2025-04-19T09:14:46Z	PAID	USD	USD 248.28	{"source": "email", "medium": "email", "campaign": "prospecting"}	19/04/2025 10:17
o_1626	c_0781	2025/04/19 19:21:28-0500	paid	USD	$97.46	{"source": "display", "medium": "display", "campaign": "nonbrand"}	19/04/2025 19:16
o_1627	c_0588	19/04/2025 12:45	PAID	USD	USD 106.41	{"source": "paid_social", "medium": "paid_social", "campaign": "retargeting"}	19/04/2025 12:21
o_1628	c_0786	19/04/2025 12:48	PAID	CAD	C$290.08	{"source": "display", "medium": "display", "campaign": "nonbrand"}	19/04/2025 21:12
o_1629	c_0716	2025-04-20T11:36:16Z	paid	usd	USD 741.57	{"source": "search", "medium": "cpc", "campaign": "prospecting"}	20/04/2025 10:54
o_1630	c_0027	20/04/2025 13:15	Refunded	USD	USD 392.12	{"source": "search", "medium": "cpc", "campaign": "prospecting"}	20/04/2025 22:47
o_1631	c_0711	2025-04-20T09:53:35Z	PAID	EUR	€ 145.01	{"source": "search", "medium": "cpc", "campaign": "prospecting"}	20/04/2025 17:38
o_1632	c_0280	2025-04-20T07:05:01Z	PAID	EUR	EUR 230.76	{"source": "paid_social", "medium": "paid_social", "campaign": "brand"}	20/04/2025 20:30
o_1633	c_0781	2025-04-20T09:35:26Z	Cancelled	USD	USD 94.59	{"source": "email", "medium": "email", "campaign": "promo"}	20/04/2025 17:05
o_1634	c_0348	2025-04-20T18:23:42Z	Fulfilled	USD	$154.76	{"source": "search", "medium": "cpc", "campaign": "awareness"}	20/04/2025 08:35
o_1635	c_0227	2025-04-20T10:16:37Z	PAID	USD	USD 33.18	{"source": "search", "medium": "cpc", "campaign": "retargeting"}	20/04/2025 12:50
o_1636	c_0674	2025-04-20T11:28:54Z	Fulfilled	CAD	C$451.89	{"source": "search", "medium": "cpc", "campaign": "prospecting"}	20/04/2025 19:22
o_1637	c_0072	2025/04/20 18:25:46-0500	paid	EUR	EUR 304.46	{"source": "paid_social", "medium": "paid_social", "campaign": "brand"}	20/04/2025 17:39
o_1638	c_0094	2025/04/21 18:30:47-0500	PAID	eur	700.58	{"source": "search", "medium": "cpc", "campaign": "brand"}	21/04/2025 13:26
o_1639	c_0544	2025/04/21 12:26:02-0500	Refunded	USD	$48.38	{"source": "search", "medium": "cpc", "campaign": "prospecting"}	21/04/2025 11:47
o_1640	c_0386	2025-04-21T16:25:18Z	PAID	USD	USD 23.80	{"source": "email", "medium": "email", "campaign": "promo"}	21/04/2025 08:03
o_1641	c_0350	2025/04/21 10:36:53-0500	PAID	USD	36.69	{"source": "email", "medium": "email", "campaign": "promo"}	21/04/2025 15:49
o_1642	c_0379	21/04/2025 15:25	PAID	CAD	91,28	{"source": "paid_social", "medium": "paid_social", "campaign": "retargeting"}	21/04/2025 12:25
o_1643	c_0739	2025-04-21T12:58:03Z	PAID	usd	USD 365.04	{"source": "paid_social", "medium": "paid_social", "campaign": "newsletter"}	21/04/2025 18:51
o_1644	c_0796	2025-04-21T20:02:29Z	paid	usd	$443.11	{"source": "paid_social", "medium": "paid_social", "campaign": "newsletter"}	21/04/2025 17:09
o_1645	c_0087	2025-04-21T08:20:40Z	PAID	CAD	C$50.53	{"source": "paid_social", "medium": "paid_social", "campaign": "nonbrand"}	21/04/2025 21:09
o_1646	c_0162	2025-04-21T13:56:44Z	paid	EUR	EUR 165.69	{"source": "search", "medium": "cpc", "campaign": "prospecting"}	21/04/2025 13:44
o_1647	c_0051	2025-04-21T17:23:13Z	paid	GBP	GBP 587.31	{"source": "paid_social", "medium": "paid_social", "campaign": "awareness"}	21/04/2025 17:30
o_1648	c_0454	2025-04-21T08:48:24Z	PAID	USD	$201.52	{"source": "search", "medium": "cpc", "campaign": "prospecting"}	21/04/2025 13:51
o_1649	c_0554	2025-04-21T08:34:30Z	paid	EUR	€ 186.58	{"source": "paid_social", "medium": "paid_social", "campaign": "nonbrand"}	21/04/2025 17:41
o_1650	c_0465	2025/04/21 17:12:54-0500	Fulfilled	CAD	CAD 191.45	{"source": "paid_social", "medium": "paid_social", "campaign": "retargeting"}	21/04/2025 16:21
o_1651	c_0586	2025-04-21T15:13:43Z	PAID	EUR	€ 378.65	{"source": "search", "medium": "cpc", "campaign": "retargeting"}	21/04/2025 08:16
o_1652	c_0114	2025-04-21T21:28:12Z	paid	USD	$95.61	{"source": "paid_social", "medium": "paid_social", "campaign": "awareness"}	21/04/2025 19:31
o_1653	c_0695	2025-04-21T11:38:40Z	PAID	USD	$578.02	{"source": "search", "medium": "cpc", "campaign": "brand"}	21/04/2025 15:51
o_1654	c_0683	2025/04/21 08:59:37-0500	paid	USD	USD 11.61	{"source": "search", "medium": "cpc", "campaign": "prospecting"}	21/04/2025 15:38
o_1655	c_0540	2025-04-22T09:14:29Z	Fulfilled	USD	517,35	{"source": "search", "medium": "cpc", "campaign": "awareness"}	22/04/2025 14:34
o_1656	c_0349	2025-04-22T12:58:48Z	paid	USD	$17.31	{"source": "search", "medium": "cpc", "campaign": "nonbrand"}	22/04/2025 09:22
o_1657	c_0226	2025-04-22T08:06:40Z	paid	USD	$182.19	{"source": "display", "medium": "display", "campaign": "retargeting"}	22/04/2025 19:09
o_1658	c_0057	22/04/2025 18:43	PAID	USD	163.67	{"source": "paid_social", "medium": "paid_social", "campaign": "promo"}	22/04/2025 13:53
o_1659	c_0217	2025-04-22T16:32:57Z	paid	USD	USD 34.64	{"source": "email", "medium": "email", "campaign": "newsletter"}	22/04/2025 21:58
o_1660	c_0783	2025/04/22 10:56:56-0500	PAID	GBP	£520.11	{"source": "email", "medium": "email", "campaign": "newsletter"}	22/04/2025 10:12
o_1661	c_0123	2025/04/22 18:15:41-0500	Cancelled	USD	USD 80.88	{"source": "search", "medium": "cpc", "campaign": "nonbrand"}	22/04/2025 19:19
o_1662	c_0180	2025/04/22 18:47:48-0500	PAID	USD	$41.20	{"source": "display", "medium": "display", "campaign": "retargeting"}	22/04/2025 20:54
o_1663	c_0595	2025-04-22T18:15:50Z	PAID	USD	764.47	{"source": "search", "medium": "cpc", "campaign": "brand"}	22/04/2025 21:27
o_1664	c_0261	2025-04-22T16:12:59Z	Refunded	USD	45.42	{"source": "search", "medium": "cpc", "campaign": "awareness"}	22/04/2025 14:37
o_1665	c_0573	22/04/2025 21:46	paid	GBP	250.88	{"source": "paid_social", "medium": "paid_social", "campaign": "retargeting"}	22/04/2025 21:04
o_1666	c_0363	2025-04-22T11:57:06Z	PAID	USD	USD 126.58	{"source": "search", "medium": "cpc", "campaign": "brand"}	22/04/2025 13:52
o_1667	c_0439	2025-04-22T08:55:25Z	paid	usd	305.49	{"source": "display", "medium": "display", "campaign": "retargeting"}	22/04/2025 14:09
o_1668	c_0476	2025-04-22T12:29:18Z	PAID	USD	$19.23	{"source": "search", "medium": "cpc", "campaign": "awareness"}	22/04/2025 13:00
o_1669	c_0471	2025-04-23T07:43:14Z	paid	USD	USD 256.50	{"source": "search", "medium": "cpc", "campaign": "retargeting"}	23/04/2025 20:14
o_1670	c_0590	2025-04-23T09:59:25Z	PAID	USD	$24.89	{"source": "search", "medium": "cpc", "campaign": "brand"}	23/04/2025 11:46
o_1671	c_0588	23/04/2025 09:29	PAID	USD	USD 12.19	{"source": "paid_social", "medium": "paid_social", "campaign": "prospecting"}	23/04/2025 21:08
o_1672	c_0777	2025/04/23 14:13:22-0500	PAID	usd	$426.61	{"source": "search", "medium": "cpc", "campaign": "brand"}	23/04/2025 16:24
o_1673	c_0297	23/04/2025 17:09	PAID	usd	$244.65	{"source": "search", "medium": "cpc", "campaign": "brand"}	23/04/2025 10:34
o_1674	c_0415	2025-04-23T10:54:02Z	paid	EUR	€ 19.85	{"source": "email", "medium": "email", "campaign": "newsletter"}	23/04/2025 20:26
o_1675	c_0333	2025-04-23T11:36:03Z	Fulfilled	GBP	£30.77	{"source": "paid_social", "medium": "paid_social", "campaign": "retargeting"}	23/04/2025 13:21
o_1676	c_0687	23/04/2025 20:04	PAID	USD	USD 15.84	{"source": "search", "medium": "cpc", "campaign": "retargeting"}	23/04/2025 12:55
o_1677	c_0707	23/04/2025 20:30	PAID	USD	$113.71	{"source": "search", "medium": "cpc", "campaign": "brand"}	23/04/2025 20:19
o_1678	c_0112	2025-04-23T18:40:06Z	PAID	USD	10,61	{"source": "display", "medium": "display", "campaign": "awareness"}	23/04/2025 18:03
o_1679	c_0123	2025-04-23T18:10:45Z	Fulfilled	USD	$45.66	{"source": "email", "medium": "email", "campaign": "newsletter"}	23/04/2025 14:12
o_1680	c_0469	2025/04/23 15:17:55-0500	PAID	USD	$165.15	{"source": "display", "medium": "display", "campaign": "awareness"}	23/04/2025 08:16
o_1681	c_0411	2025-04-23T18:02:20Z	PAID	EUR	EUR 17.02	{"source": "paid_social", "medium": "paid_social", "campaign": "retargeting"}	23/04/2025 14:44
o_1682	c_0081	2025-04-23T08:57:51Z	PAID	USD	$37.09	{"source": "search", "medium": "cpc", "campaign": "brand"}	23/04/2025 18:41
o_1683	c_0318	2025-04-24T21:45:32Z	PAID	EUR	641.35	{"source": "paid_social", "medium": "paid_social", "campaign": "brand"}	24/04/2025 11:34
o_1684	c_0348	2025-04-24T17:08:51Z	PAID	USD	USD 161.30	{"source": "search", "medium": "cpc", "campaign": "nonbrand"}	24/04/2025 12:06
o_1685	c_0342	2025-04-24T11:14:48Z	PAID	usd	439.49	{"source": "search", "medium": "cpc", "campaign": "newsletter"}	24/04/2025 15:30
o_1686	c_0649	2025-04-24T19:17:31Z	Refunded	USD	USD 101.17	{"source": "paid_social", "medium": "paid_social", "campaign": "brand"}	24/04/2025 11:42
o_1687	c_0544	2025/04/24 13:08:31-0500	PAID	USD	$42.79	{"source": "search", "medium": "cpc", "campaign": "nonbrand"}	24/04/2025 09:14
o_1688	c_0225	2025/04/24 18:00:56-0500	PAID	USD	516.78	{"source": "paid_social", "medium": "paid_social", "campaign": "brand"}	24/04/2025 15:04
o_1689	c_0266	2025-04-24T21:00:02Z	PAID	USD	USD 304.26	{"source": "search", "medium": "cpc", "campaign": "nonbrand"}	24/04/2025 16:52
o_1690	c_0168	2025/04/24 14:03:59-0500	PAID	USD	USD 154.10	{"source": "display", "medium": "display", "campaign": "retargeting"}	24/04/2025 16:13
o_1691	c_0671	2025/04/24 12:23:52-0500	PAID	USD	$110.88	{"source": "paid_social", "medium": "paid_social", "campaign": "prospecting"}	24/04/2025 17:34
o_1692	c_0708	2025-04-24T12:35:18Z	PAID	USD	$99.70	{"source": "search", "medium": "cpc", "campaign": "nonbrand"}	24/04/2025 14:13
o_1693	c_0205	2025-04-24T21:32:41Z	Cancelled	usd	USD 185.37	{"source": "paid_social", "medium": "paid_social", "campaign": "brand"}	24/04/2025 22:05
o_1694	c_0506	2025-04-24T17:58:22Z	PAID	USD	$373.55	{"source": "search", "medium": "cpc", "campaign": "nonbrand"}	24/04/2025 20:13
o_1695	c_0460	2025/04/25 15:05:03-0500	PAID	eur	EUR 619.79	{"source": "search", "medium": "cpc", "campaign": "brand"}	25/04/2025 19:48
o_1696	c_0659	2025-04-25T20:07:10Z	paid	USD	$671.68	{"source": "search", "medium": "cpc", "campaign": "prospecting"}	25/04/2025 18:36
o_1697	c_0349	2025-04-25T08:08:55Z	paid	USD	502,24	{"source": "display", "medium": "display", "campaign": "awareness"}	25/04/2025 09:02
o_1698	c_0324	2025/04/25 10:59:09-0500	PAID	USD	USD 78.31	{"source": "search", "medium": "cpc", "campaign": "prospecting"}	25/04/2025 22:55
o_1699	c_0451	25/04/2025 15:57	paid	CAD	CAD 127.20	{"source": "search", "medium": "cpc", "campaign": "prospecting"}	25/04/2025 22:13
o_1700	c_0453	2025-04-25T12:42:11Z	PAID	USD	USD 199.60	{"source": "search", "medium": "cpc", "campaign": "nonbrand"}	25/04/2025 21:14
o_1701	c_0311	2025-04-25T11:00:34Z	PAID	usd	USD 151.33	{"source": "search", "medium": "cpc", "campaign": "nonbrand"}	25/04/2025 12:07
o_1702	c_0606	2025/04/25 16:16:31-0500	Fulfilled	USD	$16.13	{"source": "search", "medium": "cpc", "campaign": "nonbrand"}	25/04/2025 11:21
o_1703	c_0384	25/04/2025 15:47	PAID	EUR	€ 20.35	{"source": "display", "medium": "display", "campaign": "retargeting"}	25/04/2025 11:59
o_1704	c_0076	2025-04-25T20:27:59Z	PAID	EUR	€ 274.54	{"source": "search", "medium": "cpc", "campaign": "nonbrand"}	25/04/2025 22:13
o_1705	c_0491	2025/04/25 19:50:32-0500	PAID	CAD	28,94	{"source": "display", "medium": "display", "campaign": "newsletter"}	25/04/2025 18:14
o_1706	c_0059	2025-04-25T19:06:30Z	PAID	EUR	€ 141.62	{"source": "search", "medium": "cpc", "campaign": "nonbrand"}	25/04/2025 15:25
o_1707	c_0294	2025-04-25T13:30:32Z	paid	EUR	120.44	{"source": "paid_social", "medium": "paid_social", "campaign": "retargeting"}	25/04/2025 12:37
o_1708	c_0661	2025-04-25T10:19:51Z	PAID	USD	USD 227.62	{"source": "search", "medium": "cpc", "campaign": "brand"}	25/04/2025 20:39
o_1709	c_0630	26/04/2025 16:50	Fulfilled	USD	182.99	{"source": "search", "medium": "cpc", "campaign": "nonbrand"}	26/04/2025 21:36
o_1710	c_0540	26/04/2025 20:47	paid	USD	12.03	{"source": "display", "medium": "display", "campaign": "brand"}	26/04/2025 21:27
o_1711	c_0485	2025-04-26T07:55:40Z	PAID	USD	$166.93	{"source": "display", "medium": "display", "campaign": "brand"}	26/04/2025 14:36
o_1712	c_0779	2025/04/26 14:06:45-0500	PAID	GBP	GBP 36.36	{"source": "display", "medium": "display", "campaign": "brand"}	26/04/2025 13:26
o_1713	c_0470	2025/04/26 17:24:00-0500	paid	USD	USD 332.10	{"source": "paid_social", "medium": "paid_social", "campaign": "retargeting"}	26/04/2025 09:54
o_1714	c_0193	2025/04/26 09:52:58-0500	PAID	USD	USD 131.84	{"source": "display", "medium": "display", "campaign": "brand"}	26/04/2025 09:29
o_1715	c_0620	26/04/2025 13:11	PAID	EUR	€ 14.03	{"source": "search", "medium": "cpc", "campaign": "nonbrand"}	26/04/2025 19:15
o_1716	c_0514	2025-04-26T10:21:31Z	Cancelled	USD	$33.33	{"source": "paid_social", "medium": "paid_social", "campaign": "retargeting"}	26/04/2025 13:38
o_1717	c_0064	2025/04/26 20:44:01-0500	PAID	EUR	€ 310.26	{"source": "search", "medium": "cpc", "campaign": "nonbrand"}	26/04/2025 17:17
o_1718	c_0732	2025-04-26T13:19:59Z	paid	USD	USD 216.92	{"source": "paid_social", "medium": "paid_social", "campaign": "retargeting"}	26/04/2025 13:47
o_1719	c_0041	2025-04-27T17:27:46Z	paid	GBP	£48.13	{"source": "paid_social", "medium": "paid_social", "campaign": "awareness"}	27/04/2025 16:00
o_1720	c_0725	2025-04-27T11:20:57Z	Fulfilled	EUR	EUR 946.84	{"source": "search", "medium": "cpc", "campaign": "brand"}	27/04/2025 12:39
o_1721	c_0537	2025-04-27T12:13:51Z	paid	usd	USD 393.98	{"source": "paid_social", "medium": "paid_social", "campaign": "retargeting"}	27/04/2025 09:14
o_1722	c_0181	2025/04/27 20:57:56-0500	PAID	usd	$439.93	{"source": "paid_social", "medium": "paid_social", "campaign": "retargeting"}	27/04/2025 19:07
o_1723	c_0290	27/04/2025 14:08	paid	USD	USD 10.39	{"source": "email", "medium": "email", "campaign": "newsletter"}	27/04/2025 21:26
o_1724	c_0433	2025/04/27 11:39:03-0500	paid	GBP	£129.14	{"source": "search", "medium": "cpc", "campaign": "brand"}	27/04/2025 16:29
o_1725	c_0696	2025-04-27T20:43:09Z	Refunded	USD	$176.39	{"source": "paid_social", "medium": "paid_social", "campaign": "prospecting"}	27/04/2025 16:34
o_1726	c_0071	2025-04-27T16:37:35Z	Fulfilled	USD	$637.14	{"source": "search", "medium": "cpc", "campaign": "brand"}	27/04/2025 14:53
o_1727	c_0083	2025/04/27 10:23:41-0500	Fulfilled	EUR	€ 116.80	{"source": "paid_social", "medium": "paid_social", "campaign": "prospecting"}	27/04/2025 11:55
o_1728	c_0097	2025-04-27T12:30:04Z	PAID	USD	USD 309.12	{"source": "paid_social", "medium": "paid_social", "campaign": "promo"}	27/04/2025 21:36
o_1729	c_0291	27/04/2025 11:15	PAID	EUR	EUR 289.59	{"source": "search", "medium": "cpc", "campaign": "brand"}	27/04/2025 12:33
o_1730	c_0742	28/04/2025 16:48	PAID	USD	USD 202.74	{"source": "email", "medium": "email", "campaign": "retargeting"}	28/04/2025 21:16
o_1731	c_0618	2025/04/28 11:18:46-0500	PAID	usd	$73.87	{"source": "email", "medium": "email", "campaign": "prospecting"}	28/04/2025 20:58
o_1732	c_0342	2025-04-28T17:03:42Z	Refunded	USD	$284.66	{"source": "email", "medium": "email", "campaign": "nonbrand"}	28/04/2025 16:23
o_1733	c_0597	2025-04-28T19:05:28Z	PAID	USD	USD 281.05	{"source": "search", "medium": "cpc", "campaign": "brand"}	28/04/2025 13:29
o_1734	c_0367	2025-04-28T11:11:21Z	PAID	usd	USD 266.76	{"source": "email", "medium": "email", "campaign": "nonbrand"}	28/04/2025 09:43
o_1735	c_0716	2025-04-28T18:23:39Z	PAID	USD	USD 708.35	{"source": "paid_social", "medium": "paid_social", "campaign": "newsletter"}	28/04/2025 08:28
o_1736	c_0402	2025-04-28T14:38:53Z	Refunded	USD	USD 216.27	{"source": "email", "medium": "email", "campaign": "promo"}	28/04/2025 13:47
o_1737	c_0726	2025-04-28T18:45:27Z	paid	USD	USD 207.89	{"source": "email", "medium": "email", "campaign": "nonbrand"}	28/04/2025 18:56
o_1738	c_0573	2025-04-28T21:04:36Z	PAID	GBP	£248.82	{"source": "search", "medium": "cpc", "campaign": "brand"}	28/04/2025 10:41
o_1739	c_0342	28/04/2025 16:24	PAID	USD	USD 35.40	{"source": "paid_social", "medium": "paid_social", "campaign": "retargeting"}	28/04/2025 18:03
o_1740	c_0687	2025-04-28T18:22:03Z	PAID	USD	503.13	{"source": "email", "medium": "email", "campaign": "nonbrand"}	28/04/2025 08:32
o_1741	c_0096	28/04/2025 12:01	paid	EUR	EUR 752.48	{"source": "email", "medium": "email", "campaign": "retargeting"}	28/04/2025 17:45
o_1742	c_0699	28/04/2025 11:51	PAID	USD	12	{"source": "email", "medium": "email", "campaign": "nonbrand"}	28/04/2025 20:30
o_1743	c_0527	2025-04-28T16:35:12Z	paid	USD	$127.18	{"source": "email", "medium": "email", "campaign": "nonbrand"}	28/04/2025 18:00
o_1744	c_0019	28/04/2025 12:29	PAID	USD	$188.71	{"source": "email", "medium": "email", "campaign": "retargeting"}	28/04/2025 16:59
o_1745	c_0202	2025-04-28T10:42:45Z	paid	usd	$180.34	{"source": "paid_social", "medium": "paid_social", "campaign": "newsletter"}	28/04/2025 12:50
o_1746	c_0785	2025-04-28T15:27:10Z	PAID	cad	C$254.91	{"source": "search", "medium": "cpc", "campaign": "brand"}	28/04/2025 21:38
o_1747	c_0141	2025-04-29T11:29:06Z	Refunded	usd	209.64	{"source": "paid_social", "medium": "paid_social", "campaign": "retargeting"}	29/04/2025 14:33
o_1748	c_0114	2025/04/29 18:54:59-0500	PAID	USD	17.37	{"source": "email", "medium": "email", "campaign": "newsletter"}	29/04/2025 21:45
o_1749	c_0781	2025-04-29T15:31:29Z	paid	USD	USD 317.99	{"source": "paid_social", "medium": "paid_social", "campaign": "brand"}	29/04/2025 17:42
o_1750	c_0039	29/04/2025 14:21	paid	EUR	EUR 650.69	{"source": "paid_social", "medium": "paid_social", "campaign": "brand"}	29/04/2025 12:12
o_1751	c_0785	29/04/2025 09:37	Cancelled	CAD	CAD 283.13	{"source": "search", "medium": "cpc", "campaign": "nonbrand"}	29/04/2025 08:27
o_1752	c_0612	2025-04-29T07:45:26Z	PAID	CAD	C$12.21	{"source": "search", "medium": "cpc", "campaign": "nonbrand"}	29/04/2025 18:01
o_1753	c_0158	2025-04-29T17:32:29Z	Cancelled	GBP	GBP 59.99	{"source": "paid_social", "medium": "paid_social", "campaign": "brand"}	29/04/2025 19:07
o_1754	c_0198	2025-04-29T09:06:11Z	paid	USD	USD 288.69	{"source": "paid_social", "medium": "paid_social", "campaign": "promo"}	29/04/2025 16:33
o_1755	c_0790	2025-04-29T18:32:12Z	paid	GBP	£160.46	{"source": "paid_social", "medium": "paid_social", "campaign": "promo"}	29/04/2025 17:38
o_1756	c_0170	2025-04-29T13:14:16Z	paid	CAD	C$340.89	{"source": "paid_social", "medium": "paid_social", "campaign": "brand"}	29/04/2025 14:22
o_1757	c_0421	2025/04/29 08:08:58-0500	PAID	usd	USD 122.59	{"source": "paid_social", "medium": "paid_social", "campaign": "retargeting"}	29/04/2025 10:36
o_1758	c_0693	2025-04-29T10:12:55Z	PAID	EUR	€ 262.61	{"source": "email", "medium": "email", "campaign": "prospecting"}	29/04/2025 11:43
o_1759	c_0254	2025-04-29T12:01:40Z	Refunded	EUR	€ 289.83	{"source": "paid_social", "medium": "paid_social", "campaign": "brand"}	29/04/2025 12:09
o_1760	c_0292	2025-04-30T12:10:00Z	PAID	EUR	€ 307.77	{"source": "paid_social", "medium": "paid_social", "campaign": "nonbrand"}	30/04/2025 21:35
o_1761	c_0790	2025-04-30T12:57:03Z	PAID	GBP	£103.58	{"source": "paid_social", "medium": "paid_social", "campaign": "retargeting"}	30/04/2025 21:30
o_1762	c_0255	2025/04/30 16:48:53-0500	PAID	eur	€ 67.52	{"source": "paid_social", "medium": "paid_social", "campaign": "retargeting"}	30/04/2025 10:25
o_1763	c_0481	2025-04-30T15:05:32Z	paid	USD	USD 141.90	{"source": "paid_social", "medium": "paid_social", "campaign": "nonbrand"}	30/04/2025 09:36
o_1764	c_0377	2025-04-30T15:09:06Z	paid	USD	$389.73	{"source": "paid_social", "medium": "paid_social", "campaign": "nonbrand"}	30/04/2025 17:59
o_1765	c_0585	2025-04-30T19:00:35Z	paid	GBP	£11.87	{"source": "paid_social", "medium": "paid_social", "campaign": "nonbrand"}	30/04/2025 09:49
o_1766	c_0466	2025/04/30 12:55:55-0500	PAID	EUR	€ 146.19	{"source": "paid_social", "medium": "paid_social", "campaign": "nonbrand"}	30/04/2025 22:41
o_1767	c_0540	2025-04-30T20:27:32Z	Fulfilled	USD	$23.35	{"source": "paid_social", "medium": "paid_social", "campaign": "nonbrand"}	30/04/2025 21:11
o_1768	c_0176	2025-04-30T07:58:33Z	PAID	USD	$45.67	{"source": "paid_social", "medium": "paid_social", "campaign": "retargeting"}	30/04/2025 13:18
o_1769	c_0620	2025-04-30T07:28:50Z	Fulfilled	EUR	79.6	{"source": "paid_social", "medium": "paid_social", "campaign": "nonbrand"}	30/04/2025 21:10
o_1770	c_0257	30/04/2025 11:18	Cancelled	USD	USD 544.35	{"source": "display", "medium": "display", "campaign": "awareness"}	30/04/2025 19:49
o_1771	c_0483	2025/04/30 11:06:21-0500	PAID	USD	$476.16	{"source": "search", "medium": "cpc", "campaign": "brand"}	30/04/2025 15:13
o_1772	c_0106	2025-04-30T07:34:43Z	PAID	usd	$579.78	{"source": "search", "medium": "cpc", "campaign": "brand"}	30/04/2025 11:13
o_1773	c_0529	01/05/2025 16:09	PAID	USD	116.24	{"source": "paid_social", "medium": "paid_social", "campaign": "brand"}	01/05/2025 22:17
o_1774	c_0296	2025/05/01 16:52:39-0500	PAID	CAD	115,03	{"source": "search", "medium": "cpc", "campaign": "newsletter"}	01/05/2025 13:30
o_1775	c_0782	2025/05/01 17:23:49-0500	Refunded	USD	72,39	{"source": "email", "medium": "email", "campaign": "retargeting"}	01/05/2025 15:22
o_1776	c_0280	01/05/2025 20:45	PAID	EUR	€ 47.06	{"source": "email", "medium": "email", "campaign": "retargeting"}	01/05/2025 17:11
o_1777	c_0514	2025/05/01 14:33:00-0500	Fulfilled	USD	$81.29	{"source": "paid_social", "medium": "paid_social", "campaign": "prospecting"}	01/05/2025 21:13
o_1778	c_0094	2025-05-01T15:44:41Z	Refunded	eur	EUR 229.73	{"source": "search", "medium": "cpc", "campaign": "nonbrand"}	01/05/2025 10:55
o_1779	c_0043	01/05/2025 16:08	paid	eur	€ 497.51	{"source": "search", "medium": "cpc", "campaign": "nonbrand"}	01/05/2025 08:45
o_1780	c_0505	2025-05-01T21:27:55Z	paid	USD	226.39	{"source": "email", "medium": "email", "campaign": "retargeting"}	01/05/2025 17:22
o_1781	c_0253	2025-05-01T18:09:16Z	PAID	USD	352.57	{"source": "search", "medium": "cpc", "campaign": "nonbrand"}	01/05/2025 09:40
o_1782	c_0239	01/05/2025 13:04	paid	USD	USD 43.72	{"source": "email", "medium": "email", "campaign": "retargeting"}	01/05/2025 22:54
o_1783	c_0327	2025/05/01 13:27:58-0500	PAID	EUR	EUR 563.02	{"source": "paid_social", "medium": "paid_social", "campaign": "brand"}	01/05/2025 08:29
o_1784	c_0150	2025/05/01 09:48:56-0500	paid	USD	USD 47.76	{"source": "paid_social", "medium": "paid_social", "campaign": "prospecting"}	01/05/2025 16:59
o_1785	c_0296	01/05/2025 16:08	Fulfilled	CAD	CAD 12.06	{"source": "display", "medium": "display", "campaign": "retargeting"}	01/05/2025 17:30
o_1786	c_0713	2025/05/01 07:39:23-0500	Refunded	USD	34.75	{"source": "search", "medium": "cpc", "campaign": "awareness"}	01/05/2025 21:09
o_1787	c_0760	02/05/2025 13:41	PAID	usd	USD 825.58	{"source": "search", "medium": "cpc", "campaign": "newsletter"}	02/05/2025 09:09
o_1788	c_0631	02/05/2025 17:34	PAID	USD	USD 30.70	{"source": "search", "medium": "cpc", "campaign": "newsletter"}	02/05/2025 16:34
o_1789	c_0094	02/05/2025 16:39	PAID	EUR	EUR 259.49	{"source": "paid_social", "medium": "paid_social", "campaign": "retargeting"}	02/05/2025 20:19
o_1790	c_0157	2025-05-02T18:59:45Z	PAID	USD	USD 202.36	{"source": "search", "medium": "cpc", "campaign": "newsletter"}	02/05/2025 19:54
o_1791	c_0541	2025-05-02T16:41:29Z	Refunded	USD	USD 174.88	{"source": "search", "medium": "cpc", "campaign": "newsletter"}	02/05/2025 16:17
o_1792	c_0244	2025/05/02 15:14:46-0500	Cancelled	USD	92.49	{"source": "search", "medium": "cpc", "campaign": "nonbrand"}	02/05/2025 12:50
o_1793	c_0130	2025-05-02T10:30:19Z	PAID	gbp	19.29	{"source": "search", "medium": "cpc", "campaign": "newsletter"}	02/05/2025 21:03
o_1794	c_0245	02/05/2025 17:24	PAID	USD	$10.57	{"source": "display", "medium": "display", "campaign": "awareness"}	02/05/2025 09:54
o_1795	c_0655	2025-05-02T14:35:57Z	PAID	usd	USD 148.53	{"source": "paid_social", "medium": "paid_social", "campaign": "brand"}	02/05/2025 18:12
o_1796	c_0469	2025/05/02 10:30:30-0500	PAID	USD	$578.43	{"source": "search", "medium": "cpc", "campaign": "newsletter"}	02/05/2025 08:07
o_1797	c_0612	2025-05-02T19:40:28Z	paid	CAD	35,91	{"source": "paid_social", "medium": "paid_social", "campaign": "brand"}	02/05/2025 10:06
o_1798	c_0636	2025-05-02T11:50:03Z	PAID	USD	USD 19.75	{"source": "search", "medium": "cpc", "campaign": "nonbrand"}	02/05/2025 17:18
o_1799	c_0583	2025-05-02T09:26:33Z	PAID	USD	50.23	{"source": "paid_social", "medium": "paid_social", "campaign": "retargeting"}	02/05/2025 17:54
o_1800	c_0736	2025/05/02 21:42:28-0500	PAID	EUR	€ 33.58	{"source": "paid_social", "medium": "paid_social", "campaign": "brand"}	02/05/2025 14:58
o_1801	c_0299	2025-05-03T09:49:47Z	PAID	USD	USD 11.30	{"source": "display", "medium": "display", "campaign": "retargeting"}	03/05/2025 16:15
o_1802	c_0002	03/05/2025 10:46	PAID	USD	USD 438.43	{"source": "search", "medium": "cpc", "campaign": "nonbrand"}	03/05/2025 21:42
o_1803	c_0585	03/05/2025 20:39	paid	gbp	GBP 12.54	{"source": "search", "medium": "cpc", "campaign": "nonbrand"}	03/05/2025 19:21
o_1804	c_0192	2025-05-03T20:33:28Z	paid	EUR	€ 495.35	{"source": "search", "medium": "cpc", "campaign": "brand"}	03/05/2025 12:58
o_1805	c_0088	2025-05-03T13:19:06Z	PAID	USD	365.96	{"source": "search", "medium": "cpc", "campaign": "nonbrand"}	03/05/2025 20:06
o_1806	c_0070	03/05/2025 14:07	PAID	USD	289.6	{"source": "search", "medium": "cpc", "campaign": "prospecting"}	03/05/2025 08:54
o_1807	c_0520	2025-05-04T11:21:18Z	PAID	USD	USD 17.54	{"source": "email", "medium": "email", "campaign": "retargeting"}	04/05/2025 15:27
o_1808	c_0554	2025-05-04T19:38:29Z	PAID	EUR	€ 35.63	{"source": "display", "medium": "display", "campaign": "brand"}	04/05/2025 13:28
o_1809	c_0387	2025/05/04 07:40:24-0500	PAID	USD	$34.48	{"source": "paid_social", "medium": "paid_social", "campaign": "retargeting"}	04/05/2025 17:47
o_1810	c_0636	2025/05/04 17:45:48-0500	PAID	USD	USD 161.47	{"source": "display", "medium": "display", "campaign": "brand"}	04/05/2025 16:46
o_1811	c_0260	2025-05-04T16:04:18Z	Fulfilled	USD	$497.79	{"source": "paid_social", "medium": "paid_social", "campaign": "nonbrand"}	04/05/2025 12:50
o_1812	c_0070	04/05/2025 09:38	Cancelled	usd	$441.03	{"source": "display", "medium": "display", "campaign": "brand"}	04/05/2025 09:38
o_1813	c_0791	2025/05/04 17:11:25-0500	Refunded	gbp	£558.37	{"source": "paid_social", "medium": "paid_social", "campaign": "prospecting"}	04/05/2025 14:01
o_1814	c_0753	04/05/2025 12:11	PAID	EUR	€ 195.28	{"source": "email", "medium": "email", "campaign": "retargeting"}	04/05/2025 22:57
o_1815	c_0361	2025-05-04T10:13:21Z	PAID	USD	20.47	{"source": "paid_social", "medium": "paid_social", "campaign": "prospecting"}	04/05/2025 17:52
o_1816	c_0347	2025-05-04T20:11:07Z	paid	USD	USD 286.19	{"source": "display", "medium": "display", "campaign": "brand"}	04/05/2025 22:53
o_1817	c_0798	2025-05-05T12:21:01Z	PAID	GBP	£196.34	{"source": "paid_social", "medium": "paid_social", "campaign": "prospecting"}	05/05/2025 15:44
o_1818	c_0476	2025-05-05T17:00:17Z	PAID	usd	285.3	{"source": "email", "medium": "email", "campaign": "retargeting"}	05/05/2025 08:41
o_1819	c_0465	2025-05-05T09:50:07Z	PAID	cad	CAD 216.74	{"source": "email", "medium": "email", "campaign": "retargeting"}	05/05/2025 08:54
o_1820	c_0139	2025/05/05 17:38:58-0500	PAID	USD	$172.05	{"source": "paid_social", "medium": "paid_social", "campaign": "prospecting"}	05/05/2025 20:08
o_1821	c_0301	2025/05/05 09:58:05-0500	Cancelled	usd	USD 47.07	{"source": "search", "medium": "cpc", "campaign": "nonbrand"}	05/05/2025 17:10
o_1822	c_0045	05/05/2025 16:01	PAID	USD	$97.34	{"source": "paid_social", "medium": "paid_social", "campaign": "prospecting"}	05/05/2025 21:20
o_1823	c_0043	2025-05-05T07:50:27Z	PAID	EUR	€ 109.13	{"source": "paid_social", "medium": "paid_social", "campaign": "prospecting"}	05/05/2025 17:15
o_1824	c_0318	2025-05-05T12:25:15Z	PAID	EUR	€ 41.71	{"source": "search", "medium": "cpc", "campaign": "brand"}	05/05/2025 12:21
o_1825	c_0557	2025-05-05T15:26:29Z	paid	USD	USD 15.41	{"source": "email", "medium": "email", "campaign": "retargeting"}	05/05/2025 17:40
o_1826	c_0260	2025-05-05T12:09:01Z	paid	USD	$19.07	{"source": "display", "medium": "display", "campaign": "retargeting"}	05/05/2025 18:53
o_1827	c_0733	2025-05-05T16:10:26Z	PAID	USD	$268.08	{"source": "display", "medium": "display", "campaign": "awareness"}	05/05/2025 09:56
o_1828	c_0291	2025/05/05 08:37:27-0500	PAID	EUR	EUR 170.24	{"source": "email", "medium": "email", "campaign": "retargeting"}	05/05/2025 14:52
o_1829	c_0655	2025-05-06T18:21:50Z	paid	USD	USD 143.70	{"source": "paid_social", "medium": "paid_social", "campaign": "nonbrand"}	06/05/2025 15:49
o_1830	c_0280	2025-05-06T07:34:18Z	PAID	EUR	EUR 258.64	{"source": "paid_social", "medium": "paid_social", "campaign": "prospecting"}	06/05/2025 21:02
o_1831	c_0390	2025-05-06T20:42:04Z	Fulfilled	CAD	CAD 587.09	{"source": "display", "medium": "display", "campaign": "retargeting"}	06/05/2025 15:43
o_1832	c_0433	06/05/2025 12:34	PAID	GBP	GBP 170.27	{"source": "paid_social", "medium": "paid_social", "campaign": "prospecting"}	06/05/2025 13:01
o_1833	c_0509	2025/05/06 10:20:40-0500	PAID	USD	301.51	{"source": "paid_social", "medium": "paid_social", "campaign": "nonbrand"}	06/05/2025 18:17
o_1834	c_0482	2025/05/06 11:25:35-0500	Refunded	USD	$230.99	{"source": "paid_social", "medium": "paid_social", "campaign": "brand"}	06/05/2025 14:03
o_1835	c_0532	06/05/2025 17:09	paid	USD	$84.41	{"source": "paid_social", "medium": "paid_social", "campaign": "brand"}	06/05/2025 09:19
o_1836	c_0085	2025-05-06T10:31:25Z	paid	GBP	253.53	{"source": "paid_social", "medium": "paid_social", "campaign": "nonbrand"}	06/05/2025 17:25
o_1837	c_0435	2025-05-06T08:30:51Z	paid	USD	91.34	{"source": "paid_social", "medium": "paid_social", "campaign": "nonbrand"}	06/05/2025 11:38
o_1838	c_0423	2025-05-06T10:40:50Z	Fulfilled	USD	$228.98	{"source": "search", "medium": "cpc", "campaign": "retargeting"}	06/05/2025 17:17
o_1839	c_0301	2025-05-06T13:46:50Z	PAID	USD	263.21	{"source": "paid_social", "medium": "paid_social", "campaign": "brand"}	06/05/2025 11:42
o_1840	c_0082	2025-05-06T11:55:41Z	Refunded	usd	$482.09	{"source": "search", "medium": "cpc", "campaign": "awareness"}	06/05/2025 21:36
o_1841	c_0294	2025-05-06T13:22:28Z	PAID	EUR	€ 84.51	{"source": "paid_social", "medium": "paid_social", "campaign": "brand"}	06/05/2025 17:47
o_1842	c_0457	2025-05-07T09:23:49Z	PAID	USD	142.91	{"source": "email", "medium": "email", "campaign": "brand"}	07/05/2025 09:40
o_1843	c_0697	2025-05-07T18:23:01Z	PAID	usd	11,43	{"source": "email", "medium": "email", "campaign": "newsletter"}	07/05/2025 09:28
o_1844	c_0171	2025-05-07T17:49:33Z	paid	USD	$291.82	{"source": "email", "medium": "email", "campaign": "brand"}	07/05/2025 12:43
o_1845	c_0455	2025-05-07T19:33:34Z	PAID	USD	USD 139.25	{"source": "email", "medium": "email", "campaign": "retargeting"}	07/05/2025 10:51
o_1846	c_0458	2025/05/07 14:44:52-0500	Fulfilled	USD	USD 14.33	{"source": "paid_social", "medium": "paid_social", "campaign": "retargeting"}	07/05/2025 17:10
o_1847	c_0702	2025-05-07T15:59:37Z	paid	USD	$318.89	{"source": "email", "medium": "email", "campaign": "newsletter"}	07/05/2025 12:31
o_1848	c_0446	2025/05/07 21:26:31-0500	PAID	USD	USD 83.54	{"source": "search", "medium": "cpc", "campaign": "awareness"}	07/05/2025 09:58
o_1849	c_0655	2025-05-07T19:08:04Z	PAID	usd	$16.16	{"source": "email", "medium": "email", "campaign": "promo"}	07/05/2025 15:43
o_1850	c_0077	2025-05-07T21:37:04Z	PAID	USD	$490.11	{"source": "email", "medium": "email", "campaign": "brand"}	07/05/2025 11:32
o_1851	c_0614	2025-05-07T07:50:15Z	PAID	CAD	CAD 10.52	{"source": "email", "medium": "email", "campaign": "promo"}	07/05/2025 20:22
o_1852	c_0347	07/05/2025 12:44	PAID	USD	$22.97	{"source": "paid_social", "medium": "paid_social", "campaign": "prospecting"}	07/05/2025 13:20
o_1853	c_0768	2025/05/07 07:02:19-0500	paid	USD	$251.44	{"source": "paid_social", "medium": "paid_social", "campaign": "nonbrand"}	07/05/2025 15:53
o_1854	c_0164	2025-05-07T09:20:35Z	PAID	USD	$47.96	{"source": "email", "medium": "email", "campaign": "promo"}	07/05/2025 14:12
o_1855	c_0796	2025-05-07T16:05:31Z	PAID	USD	$463.42	{"source": "paid_social", "medium": "paid_social", "campaign": "retargeting"}	07/05/2025 18:18
o_1856	c_0661	2025-05-08T12:02:07Z	PAID	USD	USD 13.75	{"source": "search", "medium": "cpc", "campaign": "nonbrand"}	08/05/2025 22:30
o_1857	c_0036	2025-05-08T18:49:38Z	PAID	USD	29.52	{"source": "display", "medium": "display", "campaign": "retargeting"}	08/05/2025 21:51
o_1858	c_0069	2025-05-08T10:27:19Z	Fulfilled	USD	USD 51.52	{"source": "search", "medium": "cpc", "campaign": "promo"}	08/05/2025 08:50
o_1859	c_0798	2025-05-08T10:02:20Z	Fulfilled	GBP	£392.38	{"source": "search", "medium": "cpc", "campaign": "retargeting"}	08/05/2025 18:49
o_1860	c_0342	2025-05-08T09:15:00Z	PAID	USD	$11.05	{"source": "search", "medium": "cpc", "campaign": "promo"}	08/05/2025 14:21
o_1861	c_0581	2025-05-08T12:32:51Z	Fulfilled	USD	14,61	{"source": "search", "medium": "cpc", "campaign": "retargeting"}	08/05/2025 10:33
o_1862	c_0583	2025-05-08T07:58:50Z	PAID	USD	689,62	{"source": "email", "medium": "email", "campaign": "newsletter"}	08/05/2025 09:14
o_1863	c_0433	2025-05-08T11:18:50Z	paid	gbp	£130.49	{"source": "paid_social", "medium": "paid_social", "campaign": "prospecting"}	08/05/2025 18:56
o_1864	c_0349	2025/05/08 07:09:46-0500	Fulfilled	USD	11,36	{"source": "search", "medium": "cpc", "campaign": "retargeting"}	08/05/2025 18:30
o_1865	c_0782	2025-05-08T14:26:05Z	PAID	USD	$232.87	{"source": "search", "medium": "cpc", "campaign": "nonbrand"}	08/05/2025 22:53
o_1866	c_0550	08/05/2025 08:29	PAID	eur	EUR 75.43	{"source": "paid_social", "medium": "paid_social", "campaign": "brand"}	08/05/2025 22:58
o_1867	c_0376	2025-05-08T09:01:04Z	paid	GBP	GBP 12.70	{"source": "search", "medium": "cpc", "campaign": "nonbrand"}	08/05/2025 20:41
o_1868	c_0322	08/05/2025 15:27	PAID	USD	USD 243.97	{"source": "paid_social", "medium": "paid_social", "campaign": "prospecting"}	08/05/2025 15:26
o_1869	c_0286	2025-05-09T19:35:40Z	PAID	usd	USD 164.21	{"source": "paid_social", "medium": "paid_social", "campaign": "nonbrand"}	09/05/2025 14:52
o_1870	c_0754	09/05/2025 20:35	paid	USD	USD 49.76	{"source": "email", "medium": "email", "campaign": "brand"}	09/05/2025 16:18
o_1871	c_0531	2025/05/09 19:57:58-0500	Refunded	USD	USD 12.97	{"source": "email", "medium": "email", "campaign": "brand"}	09/05/2025 17:13
o_1872	c_0576	2025-05-09T18:13:58Z	PAID	USD	$372.67	{"source": "email", "medium": "email", "campaign": "brand"}	09/05/2025 13:42
o_1873	c_0721	2025-05-09T13:02:17Z	PAID	usd	$212.59	{"source": "email", "medium": "email", "campaign": "brand"}	09/05/2025 20:47
o_1874	c_0293	2025-05-09T15:05:20Z	PAID	USD	478.44	{"source": "email", "medium": "email", "campaign": "retargeting"}	09/05/2025 19:48
o_1875	c_0200	2025/05/09 16:53:41-0500	PAID	USD	$183.98	{"source": "email", "medium": "email", "campaign": "brand"}	09/05/2025 19:14
o_1876	c_0139	2025-05-09T07:37:20Z	paid	USD	$124.43	{"source": "search", "medium": "cpc", "campaign": "awareness"}	09/05/2025 20:38
o_1877	c_0177	2025-05-09T18:22:24Z	PAID	USD	$288.42	{"source": "email", "medium": "email", "campaign": "brand"}	09/05/2025 13:06
o_1878	c_0456	2025-05-09T08:27:39Z	PAID	USD	USD 252.17	{"source": "search", "medium": "cpc", "campaign": "retargeting"}	09/05/2025 08:16
o_1879	c_0699	2025/05/09 19:33:11-0500	paid	USD	$528.46	{"source": "email", "medium": "email", "campaign": "brand"}	09/05/2025 19:28
o_1880	c_0330	2025/05/09 08:04:18-0500	paid	USD	USD 452.98	{"source": "email", "medium": "email", "campaign": "promo"}	09/05/2025 13:45
o_1881	c_0556	2025-05-09T20:04:57Z	paid	EUR	€ 172.04	{"source": "email", "medium": "email", "campaign": "brand"}	09/05/2025 11:24
o_1882	c_0308	09/05/2025 16:02	PAID	CAD	C$255.44	{"source": "email", "medium": "email", "campaign": "prospecting"}	09/05/2025 20:29
o_1883	c_0176	2025/05/09 12:32:54-0500	PAID	USD	USD 298.46	{"source": "email", "medium": "email", "campaign": "prospecting"}	09/05/2025 15:27
o_1884	c_0230	2025-05-09T14:29:27Z	paid	USD	$90.12	{"source": "email", "medium": "email", "campaign": "brand"}	09/05/2025 15:24
o_1885	c_0198	2025-05-10T10:52:49Z	PAID	USD	USD 26.22	{"source": "search", "medium": "cpc", "campaign": "nonbrand"}	10/05/2025 18:17
o_1886	c_0243	2025-05-10T13:22:07Z	Refunded	usd	$61.79	{"source": "search", "medium": "cpc", "campaign": "retargeting"}	10/05/2025 16:25
o_1887	c_0370	2025-05-10T11:26:06Z	PAID	CAD	C$232.49	{"source": "search", "medium": "cpc", "campaign": "retargeting"}	10/05/2025 20:59
o_1888	c_0378	2025-05-10T20:03:05Z	PAID	CAD	CAD 30.96	{"source": "paid_social", "medium": "paid_social", "campaign": "prospecting"}	10/05/2025 15:30
o_1889	c_0565	2025-05-10T07:51:54Z	PAID	USD	$91.66	{"source": "search", "medium": "cpc", "campaign": "brand"}	10/05/2025 09:51
o_1890	c_0627	2025-05-10T14:42:09Z	PAID	USD	USD 798.92	{"source": "search", "medium": "cpc", "campaign": "retargeting"}	10/05/2025 15:09
o_1891	c_0408	10/05/2025 08:03	paid	GBP	GBP 235.30	{"source": "search", "medium": "cpc", "campaign": "brand"}	10/05/2025 20:42
o_1892	c_0737	10/05/2025 07:17	PAID	USD	USD 15.39	{"source": "search", "medium": "cpc", "campaign": "retargeting"}	10/05/2025 08:57
o_1893	c_0539	10/05/2025 20:06	Fulfilled	USD	USD 630.05	{"source": "paid_social", "medium": "paid_social", "campaign": "prospecting"}	10/05/2025 15:17
o_1894	c_0076	10/05/2025 12:25	PAID	EUR	EUR 454.55	{"source": "search", "medium": "cpc", "campaign": "retargeting"}	10/05/2025 09:01
o_1895	c_0461	2025-05-10T07:35:42Z	paid	GBP	£14.22	{"source": "search", "medium": "cpc", "campaign": "retargeting"}	10/05/2025 19:42
o_1896	c_0630	11/05/2025 12:41	PAID	USD	USD 32.41	{"source": "paid_social", "medium": "paid_social", "campaign": "nonbrand"}	11/05/2025 15:15
o_1897	c_0353	2025-05-11T16:25:47Z	PAID	cad	C$111.42	{"source": "display", "medium": "display", "campaign": "brand"}	11/05/2025 22:59
o_1898	c_0656	11/05/2025 11:00	PAID	USD	$482.17	{"source": "display", "medium": "display", "campaign": "retargeting"}	11/05/2025 17:57
o_1899	c_0187	11/05/2025 16:48	Refunded	usd	$35.46	{"source": "paid_social", "medium": "paid_social", "campaign": "prospecting"}	11/05/2025 20:36
o_1900	c_0444	11/05/2025 11:02	paid	GBP	£54.97	{"source": "display", "medium": "display", "campaign": "brand"}	11/05/2025 08:21
o_1901	c_0057	11/05/2025 08:31	paid	USD	$95.38	{"source": "display", "medium": "display", "campaign": "retargeting"}	11/05/2025 20:30
o_1902	c_0531	11/05/2025 07:35	PAID	usd	USD 35.33	{"source": "display", "medium": "display", "campaign": "retargeting"}	11/05/2025 19:21
o_1903	c_0312	2025/05/11 07:08:01-0500	Refunded	USD	$34.43	{"source": "display", "medium": "display", "campaign": "brand"}	11/05/2025 12:04
o_1904	c_0162	2025/05/11 21:27:45-0500	PAID	EUR	€ 365.23	{"source": "paid_social", "medium": "paid_social", "campaign": "prospecting"}	11/05/2025 21:49
o_1905	c_0665	2025-05-11T11:36:54Z	PAID	usd	43.43	{"source": "paid_social", "medium": "paid_social", "campaign": "nonbrand"}	11/05/2025 09:25
o_1906	c_0325	11/05/2025 21:10	paid	USD	USD 21.90	{"source": "paid_social", "medium": "paid_social", "campaign": "nonbrand"}	11/05/2025 22:18
o_1907	c_0274	2025/05/11 11:42:05-0500	PAID	USD	$113.19	{"source": "paid_social", "medium": "paid_social", "campaign": "prospecting"}	11/05/2025 17:24
o_1908	c_0257	12/05/2025 21:04	PAID	USD	$560.39	{"source": "display", "medium": "display", "campaign": "promo"}	12/05/2025 17:26
o_1909	c_0565	2025-05-12T08:40:07Z	PAID	USD	USD 97.17	{"source": "search", "medium": "cpc", "campaign": "newsletter"}	12/05/2025 17:07
o_1910	c_0129	2025-05-12T07:21:30Z	Fulfilled	USD	USD 235.22	{"source": "paid_social", "medium": "paid_social", "campaign": "nonbrand"}	12/05/2025 17:21
o_1911	c_0311	2025/05/12 16:02:08-0500	PAID	USD	$151.59	{"source": "paid_social", "medium": "paid_social", "campaign": "awareness"}	12/05/2025 11:23
o_1912	c_0489	12/05/2025 17:16	PAID	CAD	C$97.67	{"source": "display", "medium": "display", "campaign": "retargeting"}	12/05/2025 22:55
o_1913	c_0515	2025-05-12T12:44:37Z	PAID	USD	USD 228.10	{"source": "paid_social", "medium": "paid_social", "campaign": "prospecting"}	12/05/2025 09:12
o_1914	c_0607	2025-05-12T21:22:24Z	PAID	GBP	£545.15	{"source": "search", "medium": "cpc", "campaign": "brand"}	12/05/2025 22:20
o_1915	c_0675	2025-05-12T15:02:03Z	PAID	USD	USD 386.49	{"source": "paid_social", "medium": "paid_social", "campaign": "nonbrand"}	12/05/2025 11:06
o_1916	c_0738	2025-05-12T17:57:08Z	PAID	CAD	CAD 141.27	{"source": "search", "medium": "cpc", "campaign": "brand"}	12/05/2025 15:08
o_1917	c_0315	2025/05/12 19:20:07-0500	PAID	USD	USD 139.58	{"source": "paid_social", "medium": "paid_social", "campaign": "nonbrand"}	12/05/2025 11:31
o_1918	c_0043	2025-05-12T20:00:40Z	PAID	eur	EUR 268.88	{"source": "paid_social", "medium": "paid_social", "campaign": "nonbrand"}	12/05/2025 22:07
o_1919	c_0047	2025-05-12T12:23:23Z	PAID	USD	$559.03	{"source": "search", "medium": "cpc", "campaign": "newsletter"}	12/05/2025 18:54
o_1920	c_0272	2025/05/12 18:08:54-0500	PAID	usd	USD 456.31	{"source": "display", "medium": "display", "campaign": "promo"}	12/05/2025 15:22
o_1921	c_0427	2025/05/13 19:01:16-0500	PAID	EUR	€ 400.38	{"source": "paid_social", "medium": "paid_social", "campaign": "retargeting"}	13/05/2025 17:43
o_1922	c_0043	2025-05-13T15:05:57Z	Fulfilled	EUR	14,25	{"source": "paid_social", "medium": "paid_social", "campaign": "nonbrand"}	13/05/2025 16:14
o_1923	c_0643	2025-05-13T07:15:56Z	paid	USD	USD 56.85	{"source": "paid_social", "medium": "paid_social", "campaign": "nonbrand"}	13/05/2025 13:36
o_1924	c_0297	2025-05-13T12:00:54Z	PAID	USD	$435.41	{"source": "paid_social", "medium": "paid_social", "campaign": "retargeting"}	13/05/2025 22:28
o_1925	c_0310	2025/05/13 14:23:57-0500	PAID	USD	USD 116.06	{"source": "search", "medium": "cpc", "campaign": "brand"}	13/05/2025 10:15
o_1926	c_0726	13/05/2025 12:40	Fulfilled	USD	$266.10	{"source": "paid_social", "medium": "paid_social", "campaign": "retargeting"}	13/05/2025 19:10
o_1927	c_0305	2025-05-13T13:25:09Z	PAID	USD	14.8	{"source": "paid_social", "medium": "paid_social", "campaign": "awareness"}	13/05/2025 18:51
o_1928	c_0075	2025/05/13 11:50:52-0500	paid	GBP	GBP 314.09	{"source": "paid_social", "medium": "paid_social", "campaign": "retargeting"}	13/05/2025 15:35
o_1929	c_0150	2025/05/13 21:34:25-0500	PAID	USD	$14.26	{"source": "paid_social", "medium": "paid_social", "campaign": "prospecting"}	13/05/2025 15:50
o_1930	c_0426	2025/05/13 17:21:19-0500	PAID	CAD	C$331.87	{"source": "paid_social", "medium": "paid_social", "campaign": "retargeting"}	13/05/2025 19:28
o_1931	c_0209	2025-05-13T07:34:54Z	Fulfilled	USD	$312.08	{"source": "paid_social", "medium": "paid_social", "campaign": "retargeting"}	13/05/2025 21:23
o_1932	c_0148	2025-05-14T08:16:37Z	PAID	USD	$593.93	{"source": "paid_social", "medium": "paid_social", "campaign": "brand"}	14/05/2025 20:10
o_1933	c_0363	2025-05-14T14:41:49Z	PAID	USD	105,60	{"source": "paid_social", "medium": "paid_social", "campaign": "nonbrand"}	14/05/2025 18:20
o_1934	c_0779	2025/05/14 08:59:50-0500	PAID	GBP	£147.43	{"source": "paid_social", "medium": "paid_social", "campaign": "nonbrand"}	14/05/2025 09:53
o_1935	c_0528	2025-05-14T15:46:27Z	Fulfilled	USD	$149.01	{"source": "paid_social", "medium": "paid_social", "campaign": "nonbrand"}	14/05/2025 10:27
o_1936	c_0327	2025-05-14T12:02:28Z	paid	EUR	€ 47.51	{"source": "email", "medium": "email", "campaign": "promo"}	14/05/2025 08:21
o_1937	c_0426	2025-05-14T19:36:56Z	PAID	CAD	C$120.12	{"source": "paid_social", "medium": "paid_social", "campaign": "brand"}	14/05/2025 15:04
o_1938	c_0274	2025-05-14T21:33:10Z	Cancelled	USD	137,66	{"source": "paid_social", "medium": "paid_social", "campaign": "retargeting"}	14/05/2025 08:57
o_1939	c_0100	2025/05/14 15:50:59-0500	paid	USD	$19.37	{"source": "paid_social", "medium": "paid_social", "campaign": "retargeting"}	14/05/2025 11:51
o_1940	c_0298	2025/05/14 11:30:50-0500	PAID	GBP	£1,157.15	{"source": "paid_social", "medium": "paid_social", "campaign": "brand"}	14/05/2025 20:33
o_1941	c_0234	2025-05-14T14:24:16Z	PAID	USD	USD 31.60	{"source": "paid_social", "medium": "paid_social", "campaign": "nonbrand"}	14/05/2025 12:32
o_1942	c_0336	2025-05-14T16:17:40Z	paid	USD	$443.18	{"source": "paid_social", "medium": "paid_social", "campaign": "nonbrand"}	14/05/2025 09:34
o_1943	c_0195	2025-05-14T16:33:03Z	PAID	USD	USD 85.89	{"source": "paid_social", "medium": "paid_social", "campaign": "retargeting"}	14/05/2025 21:04
o_1944	c_0424	2025-05-15T11:13:06Z	PAID	USD	USD 14.36	{"source": "search", "medium": "cpc", "campaign": "awareness"}	15/05/2025 16:04
o_1945	c_0777	2025/05/15 19:08:46-0500	PAID	USD	USD 108.35	{"source": "email", "medium": "email", "campaign": "prospecting"}	15/05/2025 13:57
o_1946	c_0094	15/05/2025 14:02	paid	EUR	€ 68.11	{"source": "email", "medium": "email", "campaign": "prospecting"}	15/05/2025 20:03
o_1947	c_0247	15/05/2025 15:40	paid	USD	$43.13	{"source": "display", "medium": "display", "campaign": "newsletter"}	15/05/2025 12:51
o_1948	c_0515	2025-05-15T21:26:27Z	paid	USD	310.19	{"source": "search", "medium": "cpc", "campaign": "brand"}	15/05/2025 15:47
o_1949	c_0064	2025/05/15 20:13:55-0500	PAID	EUR	€ 284.98	{"source": "search", "medium": "cpc", "campaign": "brand"}	15/05/2025 20:33
o_1950	c_0507	2025-05-15T08:30:14Z	PAID	usd	$139.90	{"source": "email", "medium": "email", "campaign": "retargeting"}	15/05/2025 11:14
o_1951	c_0777	2025-05-15T10:35:53Z	PAID	USD	594.72	{"source": "search", "medium": "cpc", "campaign": "awareness"}	15/05/2025 11:16
o_1952	c_0599	2025-05-15T13:09:21Z	PAID	USD	$130.71	{"source": "search", "medium": "cpc", "campaign": "brand"}	15/05/2025 17:35
o_1953	c_0019	2025-05-15T13:16:21Z	Fulfilled	USD	$313.69	{"source": "search", "medium": "cpc", "campaign": "retargeting"}	15/05/2025 11:46
o_1954	c_0442	2025-05-15T14:06:21Z	Refunded	USD	USD 143.89	{"source": "email", "medium": "email", "campaign": "retargeting"}	15/05/2025 11:28
o_1955	c_0745	2025-05-15T10:59:47Z	paid	EUR	€ 166.07	{"source": "email", "medium": "email", "campaign": "retargeting"}	15/05/2025 12:58
o_1956	c_0375	2025-05-16T14:49:06Z	PAID	gbp	GBP 27.60	{"source": "search", "medium": "cpc", "campaign": "nonbrand"}	16/05/2025 10:27
o_1957	c_0053	2025/05/16 20:01:15-0500	PAID	USD	$571.15	{"source": "paid_social", "medium": "paid_social", "campaign": "prospecting"}	16/05/2025 08:51
o_1958	c_0576	2025-05-16T13:27:02Z	paid	USD	104.73	{"source": "display", "medium": "display", "campaign": "brand"}	16/05/2025 15:04
o_1959	c_0372	2025-05-16T17:51:05Z	PAID	GBP	GBP 103.55	{"source": "search", "medium": "cpc", "campaign": "nonbrand"}	16/05/2025 13:01
o_1960	c_0078	2025-05-16T16:43:17Z	PAID	USD	USD 60.52	{"source": "paid_social", "medium": "paid_social", "campaign": "retargeting"}	16/05/2025 19:05
o_1961	c_0685	2025-05-16T17:46:23Z	paid	USD	USD 21.60	{"source": "paid_social", "medium": "paid_social", "campaign": "prospecting"}	16/05/2025 16:09
o_1962	c_0257	2025-05-16T17:20:23Z	PAID	USD	USD 151.43	{"source": "search", "medium": "cpc", "campaign": "nonbrand"}	16/05/2025 16:03
o_1963	c_0697	2025-05-16T11:47:28Z	paid	USD	USD 155.61	{"source": "paid_social", "medium": "paid_social", "campaign": "newsletter"}	16/05/2025 13:18
o_1964	c_0114	2025-05-16T20:08:10Z	PAID	USD	USD 130.08	{"source": "paid_social", "medium": "paid_social", "campaign": "prospecting"}	16/05/2025 20:35
o_1965	c_0347	2025-05-16T20:09:11Z	PAID	USD	USD 145.86	{"source": "display", "medium": "display", "campaign": "brand"}	16/05/2025 10:38
o_1966	c_0348	2025-05-16T12:47:07Z	PAID	USD	$215.82	{"source": "paid_social", "medium": "paid_social", "campaign": "awareness"}	16/05/2025 09:11
o_1967	c_0187	2025/05/16 19:03:35-0500	Fulfilled	usd	$225.21	{"source": "display", "medium": "display", "campaign": "brand"}	16/05/2025 11:38
o_1968	c_0443	2025/05/16 17:12:54-0500	PAID	USD	USD 792.39	{"source": "paid_social", "medium": "paid_social", "campaign": "newsletter"}	16/05/2025 15:51
o_1969	c_0141	2025-05-16T18:27:20Z	paid	USD	$569.23	{"source": "email", "medium": "email", "campaign": "promo"}	16/05/2025 19:51
o_1970	c_0710	2025-05-16T18:36:29Z	Refunded	EUR	EUR 33.79	{"source": "paid_social", "medium": "paid_social", "campaign": "newsletter"}	16/05/2025 13:20
o_1971	c_0468	2025-05-16T20:10:14Z	PAID	EUR	582.03	{"source": "display", "medium": "display", "campaign": "brand"}	16/05/2025 15:22
o_1972	c_0130	2025/05/17 15:42:42-0500	PAID	GBP	GBP 309.73	{"source": "email", "medium": "email", "campaign": "prospecting"}	17/05/2025 12:59
o_1973	c_0327	2025/05/17 11:52:55-0500	PAID	EUR	€ 36.25	{"source": "email", "medium": "email", "campaign": "nonbrand"}	17/05/2025 08:48
o_1974	c_0347	2025-05-17T15:56:08Z	PAID	USD	$937.70	{"source": "paid_social", "medium": "paid_social", "campaign": "retargeting"}	17/05/2025 12:33
o_1975	c_0305	2025-05-17T10:02:11Z	PAID	USD	USD 889.20	{"source": "display", "medium": "display", "campaign": "retargeting"}	17/05/2025 16:11
o_1976	c_0435	2025/05/17 11:00:08-0500	paid	USD	$630.83	{"source": "email", "medium": "email", "campaign": "prospecting"}	17/05/2025 09:10
o_1977	c_0307	2025-05-17T15:04:17Z	paid	usd	47.37	{"source": "email", "medium": "email", "campaign": "prospecting"}	17/05/2025 09:32
o_1978	c_0378	2025-05-17T16:56:15Z	PAID	CAD	348.88	{"source": "display", "medium": "display", "campaign": "awareness"}	17/05/2025 20:41
o_1979	c_0595	2025-05-18T10:39:48Z	paid	USD	130.91	{"source": "search", "medium": "cpc", "campaign": "nonbrand"}	18/05/2025 22:32
o_1980	c_0598	18/05/2025 20:31	paid	GBP	823.94	{"source": "search", "medium": "cpc", "campaign": "nonbrand"}	18/05/2025 10:17
o_1981	c_0612	2025-05-18T14:18:23Z	paid	CAD	31.55	{"source": "email", "medium": "email", "campaign": "prospecting"}	18/05/2025 20:10
o_1982	c_0272	2025-05-18T11:28:58Z	paid	USD	$631.49	{"source": "search", "medium": "cpc", "campaign": "promo"}	18/05/2025 22:14
o_1983	c_0234	2025-05-18T08:13:19Z	Cancelled	USD	USD 231.92	{"source": "search", "medium": "cpc", "campaign": "retargeting"}	18/05/2025 21:14
o_1984	c_0053	18/05/2025 07:08	PAID	USD	$156.22	{"source": "display", "medium": "display", "campaign": "retargeting"}	18/05/2025 15:10
o_1985	c_0175	2025/05/18 08:56:28-0500	PAID	USD	$19.76	{"source": "search", "medium": "cpc", "campaign": "brand"}	18/05/2025 11:36
o_1986	c_0645	2025-05-18T16:44:23Z	paid	USD	$460.25	{"source": "search", "medium": "cpc", "campaign": "brand"}	18/05/2025 21:47
o_1987	c_0794	2025-05-18T12:35:21Z	paid	EUR	€ 66.79	{"source": "search", "medium": "cpc", "campaign": "nonbrand"}	18/05/2025 13:42
o_1988	c_0721	2025-05-18T13:11:20Z	PAID	USD	USD 277.71	{"source": "search", "medium": "cpc", "campaign": "brand"}	18/05/2025 13:10
o_1989	c_0503	2025-05-19T17:01:22Z	paid	GBP	£477.39	{"source": "email", "medium": "email", "campaign": "newsletter"}	19/05/2025 13:29
o_1990	c_0020	2025-05-19T10:26:35Z	Cancelled	EUR	€ 272.08	{"source": "email", "medium": "email", "campaign": "promo"}	19/05/2025 13:43
o_1991	c_0156	2025-05-19T10:16:20Z	Fulfilled	USD	$892.02	{"source": "search", "medium": "cpc", "campaign": "brand"}	19/05/2025 11:07
o_1992	c_0439	2025-05-19T18:05:33Z	Cancelled	USD	410.23	{"source": "email", "medium": "email", "campaign": "promo"}	19/05/2025 08:21
o_1993	c_0723	2025-05-19T18:20:44Z	paid	EUR	€ 52.36	{"source": "search", "medium": "cpc", "campaign": "retargeting"}	19/05/2025 21:50
o_1994	c_0213	2025/05/19 14:33:42-0500	paid	USD	USD 21.58	{"source": "search", "medium": "cpc", "campaign": "nonbrand"}	19/05/2025 09:15
o_1995	c_0333	2025-05-19T09:54:48Z	paid	GBP	£250.76	{"source": "email", "medium": "email", "campaign": "newsletter"}	19/05/2025 16:15
o_1996	c_0539	2025-05-19T20:37:34Z	Cancelled	USD	12.97	{"source": "search", "medium": "cpc", "campaign": "retargeting"}	19/05/2025 10:10
o_1997	c_0285	2025-05-19T16:21:05Z	PAID	EUR	€ 46.71	{"source": "search", "medium": "cpc", "campaign": "brand"}	19/05/2025 08:14
o_1998	c_0546	2025-05-19T20:51:11Z	PAID	gbp	£139.83	{"source": "search", "medium": "cpc", "campaign": "brand"}	19/05/2025 22:38
o_1999	c_0311	2025-05-19T14:47:03Z	PAID	usd	USD 244.11	{"source": "search", "medium": "cpc", "campaign": "brand"}	19/05/2025 08:06
o_2000	c_0683	2025-05-19T21:47:45Z	PAID	USD	$234.03	{"source": "search", "medium": "cpc", "campaign": "retargeting"}	19/05/2025 14:22
o_2001	c_0698	2025-05-19T18:35:56Z	PAID	EUR	EUR 201.41	{"source": "search", "medium": "cpc", "campaign": "retargeting"}	19/05/2025 11:59
o_2002	c_0702	2025-05-19T10:30:15Z	paid	usd	USD 453.28	{"source": "display", "medium": "display", "campaign": "awareness"}	19/05/2025 19:36
o_2003	c_0530	2025-05-19T08:41:42Z	PAID	EUR	€ 166.19	{"source": "paid_social", "medium": "paid_social", "campaign": "prospecting"}	19/05/2025 10:16
o_2004	c_0253	2025-05-19T07:49:06Z	PAID	USD	$154.18	{"source": "email", "medium": "email", "campaign": "promo"}	19/05/2025 15:57
o_2005	c_0266	19/05/2025 15:05	PAID	USD	$143.04	{"source": "paid_social", "medium": "paid_social", "campaign": "prospecting"}	19/05/2025 21:29
o_2006	c_0790	2025-05-20T14:47:32Z	PAID	gbp	£116.16	{"source": "display", "medium": "display", "campaign": "retargeting"}	20/05/2025 21:04
o_2007	c_0707	2025-05-20T21:58:49Z	PAID	USD	1020.25	{"source": "search", "medium": "cpc", "campaign": "nonbrand"}	20/05/2025 12:55
o_2008	c_0423	2025/05/20 18:21:19-0500	Fulfilled	USD	155.42	{"source": "paid_social", "medium": "paid_social", "campaign": "retargeting"}	20/05/2025 13:29
o_2009	c_0574	2025-05-20T08:32:28Z	PAID	USD	$433.97	{"source": "paid_social", "medium": "paid_social", "campaign": "retargeting"}	20/05/2025 17:31
o_2010	c_0257	20/05/2025 10:34	PAID	USD	520.17	{"source": "search", "medium": "cpc", "campaign": "nonbrand"}	20/05/2025 19:22
o_2011	c_0693	2025/05/20 21:15:19-0500	PAID	eur	EUR 40.46	{"source": "paid_social", "medium": "paid_social", "campaign": "retargeting"}	20/05/2025 08:16
o_2012	c_0405	2025/05/20 21:20:25-0500	PAID	USD	$196.89	{"source": "email", "medium": "email", "campaign": "prospecting"}	20/05/2025 11:11
o_2013	c_0298	2025/05/20 20:55:46-0500	paid	GBP	GBP 228.37	{"source": "display", "medium": "display", "campaign": "retargeting"}	20/05/2025 22:33
o_2014	c_0306	2025/05/20 09:20:00-0500	paid	usd	209.15	{"source": "search", "medium": "cpc", "campaign": "nonbrand"}	20/05/2025 17:25
o_2015	c_0263	2025-05-20T07:38:06Z	PAID	EUR	EUR 291.99	{"source": "email", "medium": "email", "campaign": "prospecting"}	20/05/2025 10:24
o_2016	c_0195	21/05/2025 08:43	Cancelled	USD	USD 107.53	{"source": "paid_social", "medium": "paid_social", "campaign": "retargeting"}	21/05/2025 19:48
o_2017	c_0714	2025-05-21T16:46:47Z	paid	USD	$123.96	{"source": "paid_social", "medium": "paid_social", "campaign": "retargeting"}	21/05/2025 20:11
o_2018	c_0576	2025/05/21 08:54:36-0500	Fulfilled	USD	USD 245.88	{"source": "display", "medium": "display", "campaign": "prospecting"}	21/05/2025 19:14
o_2019	c_0249	2025-05-21T18:52:10Z	PAID	usd	USD 282.54	{"source": "paid_social", "medium": "paid_social", "campaign": "retargeting"}	21/05/2025 11:10
o_2020	c_0631	2025-05-21T18:52:36Z	PAID	USD	$747.55	{"source": "paid_social", "medium": "paid_social", "campaign": "awareness"}	21/05/2025 12:43
o_2021	c_0223	2025/05/21 15:18:50-0500	PAID	USD	USD 16.59	{"source": "display", "medium": "display", "campaign": "retargeting"}	21/05/2025 11:35
o_2022	c_0686	2025-05-21T16:04:56Z	PAID	eur	EUR 18.98	{"source": "paid_social", "medium": "paid_social", "campaign": "awareness"}	21/05/2025 10:22
o_2023	c_0232	21/05/2025 19:51	paid	USD	300.17	{"source": "display", "medium": "display", "campaign": "nonbrand"}	21/05/2025 09:33
o_2024	c_0063	2025-05-21T12:29:10Z	PAID	USD	90,00	{"source": "paid_social", "medium": "paid_social", "campaign": "retargeting"}	21/05/2025 20:09
o_2025	c_0360	2025-05-21T14:02:02Z	Cancelled	usd	139.32	{"source": "display", "medium": "display", "campaign": "prospecting"}	21/05/2025 19:39
o_2026	c_0735	22/05/2025 08:34	PAID	gbp	£15.90	{"source": "paid_social", "medium": "paid_social", "campaign": "retargeting"}	22/05/2025 20:16
o_2027	c_0097	2025/05/22 10:48:30-0500	Refunded	USD	201,42	{"source": "search", "medium": "cpc", "campaign": "brand"}	22/05/2025 09:39
o_2028	c_0790	2025-05-22T07:27:44Z	PAID	GBP	£34.81	{"source": "paid_social", "medium": "paid_social", "campaign": "retargeting"}	22/05/2025 21:24
o_2029	c_0010	2025-05-22T10:13:16Z	PAID	usd	USD 72.00	{"source": "paid_social", "medium": "paid_social", "campaign": "retargeting"}	22/05/2025 19:40
o_2030	c_0417	22/05/2025 17:52	Cancelled	CAD	C$218.29	{"source": "search", "medium": "cpc", "campaign": "nonbrand"}	22/05/2025 09:05
o_2031	c_0488	2025-05-22T12:01:09Z	PAID	USD	$238.44	{"source": "search", "medium": "cpc", "campaign": "brand"}	22/05/2025 09:08
o_2032	c_0181	2025/05/22 08:54:43-0500	Fulfilled	USD	USD 457.83	{"source": "paid_social", "medium": "paid_social", "campaign": "retargeting"}	22/05/2025 09:52
o_2033	c_0662	2025/05/22 14:51:54-0500	Fulfilled	USD	USD 19.99	{"source": "search", "medium": "cpc", "campaign": "nonbrand"}	22/05/2025 11:03
o_2034	c_0788	2025-05-22T15:21:45Z	Fulfilled	USD	568.33	{"source": "search", "medium": "cpc", "campaign": "nonbrand"}	22/05/2025 12:18
o_2035	c_0588	2025-05-22T20:48:18Z	Cancelled	usd	USD 57.26	{"source": "paid_social", "medium": "paid_social", "campaign": "prospecting"}	22/05/2025 16:34
o_2036	c_0457	23/05/2025 12:42	PAID	USD	USD 276.17	{"source": "paid_social", "medium": "paid_social", "campaign": "nonbrand"}	23/05/2025 18:19
o_2037	c_0624	2025-05-23T16:38:22Z	paid	USD	42.39	{"source": "paid_social", "medium": "paid_social", "campaign": "brand"}	23/05/2025 14:18
o_2038	c_0428	2025-05-23T15:32:09Z	PAID	CAD	C$113.87	{"source": "paid_social", "medium": "paid_social", "campaign": "brand"}	23/05/2025 14:38
o_2039	c_0407	2025-05-23T13:53:23Z	PAID	EUR	EUR 13.04	{"source": "paid_social", "medium": "paid_social", "campaign": "nonbrand"}	23/05/2025 08:20
o_2040	c_0170	2025/05/23 10:48:59-0500	PAID	CAD	CAD 237.54	{"source": "paid_social", "medium": "paid_social", "campaign": "retargeting"}	23/05/2025 21:30
o_2041	c_0739	2025-05-23T21:24:45Z	PAID	USD	$556.87	{"source": "paid_social", "medium": "paid_social", "campaign": "newsletter"}	23/05/2025 12:54
o_2042	c_0306	2025-05-23T10:37:11Z	PAID	USD	USD 1056.29	{"source": "paid_social", "medium": "paid_social", "campaign": "prospecting"}	23/05/2025 10:24
o_2043	c_0103	2025/05/23 14:55:48-0500	PAID	USD	$133.49	{"source": "paid_social", "medium": "paid_social", "campaign": "prospecting"}	23/05/2025 20:46
o_2044	c_0292	2025-05-23T20:34:59Z	PAID	EUR	EUR 25.40	{"source": "paid_social", "medium": "paid_social", "campaign": "brand"}	23/05/2025 12:25
o_2045	c_0553	2025-05-23T19:36:04Z	PAID	EUR	€ 297.67	{"source": "paid_social", "medium": "paid_social", "campaign": "brand"}	23/05/2025 10:43
o_2046	c_0427	23/05/2025 14:18	PAID	eur	€ 106.87	{"source": "paid_social", "medium": "paid_social", "campaign": "brand"}	23/05/2025 08:16
o_2047	c_0724	2025-05-23T17:46:39Z	Refunded	USD	22,78	{"source": "paid_social", "medium": "paid_social", "campaign": "prospecting"}	23/05/2025 14:13
o_2048	c_0480	23/05/2025 15:16	paid	usd	$209.83	{"source": "email", "medium": "email", "campaign": "promo"}	23/05/2025 09:39
o_2049	c_0198	2025-05-23T08:41:12Z	PAID	USD	USD 248.52	{"source": "paid_social", "medium": "paid_social", "campaign": "brand"}	23/05/2025 08:39
o_2050	c_0167	2025-05-24T07:10:14Z	PAID	CAD	C$266.30	{"source": "display", "medium": "display", "campaign": "awareness"}	24/05/2025 16:28
o_2051	c_0470	2025-05-24T12:34:31Z	paid	USD	$1032.30	{"source": "display", "medium": "display", "campaign": "retargeting"}	24/05/2025 08:19
o_2052	c_0015	2025/05/24 19:13:24-0500	PAID	USD	$273.42	{"source": "paid_social", "medium": "paid_social", "campaign": "retargeting"}	24/05/2025 15:19
o_2053	c_0346	2025-05-24T21:12:34Z	PAID	EUR	EUR 218.31	{"source": "display", "medium": "display", "campaign": "retargeting"}	24/05/2025 21:55
o_2054	c_0576	2025-05-24T14:48:13Z	PAID	USD	USD 260.67	{"source": "display", "medium": "display", "campaign": "awareness"}	24/05/2025 11:25
o_2055	c_0724	2025/05/24 21:29:39-0500	paid	USD	USD 217.06	{"source": "paid_social", "medium": "paid_social", "campaign": "retargeting"}	24/05/2025 09:54
o_2056	c_0754	2025/05/24 17:57:59-0500	PAID	USD	USD 38.46	{"source": "display", "medium": "display", "campaign": "awareness"}	24/05/2025 15:35
o_2057	c_0438	2025-05-24T12:40:25Z	PAID	EUR	EUR 144.80	{"source": "display", "medium": "display", "campaign": "awareness"}	24/05/2025 15:25
o_2058	c_0089	2025-05-24T13:02:53Z	Cancelled	USD	USD 254.15	{"source": "paid_social", "medium": "paid_social", "campaign": "retargeting"}	24/05/2025 19:23
o_2059	c_0089	2025-05-24T09:27:44Z	paid	USD	28.35	{"source": "display", "medium": "display", "campaign": "retargeting"}	24/05/2025 12:33
o_2060	c_0124	24/05/2025 15:30	paid	USD	359,76	{"source": "paid_social", "medium": "paid_social", "campaign": "retargeting"}	24/05/2025 22:51
o_2061	c_0007	2025-05-24T15:33:19Z	paid	GBP	£84.18	{"source": "display", "medium": "display", "campaign": "newsletter"}	24/05/2025 13:30
o_2062	c_0393	2025/05/24 08:18:27-0500	PAID	CAD	C$82.54	{"source": "display", "medium": "display", "campaign": "retargeting"}	24/05/2025 14:33
o_2063	c_0640	24/05/2025 11:28	PAID	USD	$83.57	{"source": "display", "medium": "display", "campaign": "awareness"}	24/05/2025 09:55
o_2064	c_0791	2025-05-25T09:14:42Z	PAID	GBP	GBP 195.87	{"source": "display", "medium": "display", "campaign": "awareness"}	25/05/2025 10:14
o_2065	c_0485	2025/05/25 16:34:51-0500	PAID	USD	$250.98	{"source": "email", "medium": "email", "campaign": "promo"}	25/05/2025 21:46
o_2066	c_0477	2025-05-25T14:12:55Z	PAID	EUR	€ 364.56	{"source": "search", "medium": "cpc", "campaign": "brand"}	25/05/2025 16:24
o_2067	c_0584	25/05/2025 17:44	Refunded	USD	$55.00	{"source": "search", "medium": "cpc", "campaign": "brand"}	25/05/2025 16:51
o_2068	c_0064	2025-05-25T18:40:12Z	paid	EUR	221.84	{"source": "email", "medium": "email", "campaign": "newsletter"}	25/05/2025 16:47
o_2069	c_0122	2025-05-25T14:15:44Z	paid	USD	13.88	{"source": "paid_social", "medium": "paid_social", "campaign": "prospecting"}	25/05/2025 18:11
o_2070	c_0268	25/05/2025 19:36	PAID	usd	USD 37.46	{"source": "email", "medium": "email", "campaign": "promo"}	25/05/2025 21:22
o_2071	c_0344	2025-05-25T10:43:51Z	PAID	USD	USD 442.21	{"source": "display", "medium": "display", "campaign": "retargeting"}	25/05/2025 19:30
o_2072	c_0721	25/05/2025 14:53	Fulfilled	USD	USD 600.72	{"source": "email", "medium": "email", "campaign": "retargeting"}	25/05/2025 08:56
o_2073	c_0655	2025-05-25T19:02:19Z	PAID	USD	USD 422.14	{"source": "paid_social", "medium": "paid_social", "campaign": "prospecting"}	25/05/2025 11:22
o_2074	c_0227	2025/05/25 20:11:53-0500	Fulfilled	USD	57.97	{"source": "paid_social", "medium": "paid_social", "campaign": "nonbrand"}	25/05/2025 11:24
o_2075	c_0792	2025/05/25 19:03:58-0500	PAID	USD	$47.32	{"source": "display", "medium": "display", "campaign": "retargeting"}	25/05/2025 12:15
o_2076	c_0157	2025-05-25T16:40:39Z	paid	usd	USD 159.05	{"source": "email", "medium": "email", "campaign": "retargeting"}	25/05/2025 15:56
o_2077	c_0383	2025-05-26T15:37:17Z	paid	gbp	GBP 50.30	{"source": "search", "medium": "cpc", "campaign": "nonbrand"}	26/05/2025 18:16
o_2078	c_0483	2025/05/26 20:38:14-0500	PAID	USD	USD 32.44	{"source": "search", "medium": "cpc", "campaign": "brand"}	26/05/2025 22:10
o_2079	c_0681	26/05/2025 20:10	PAID	USD	USD 49.28	{"source": "search", "medium": "cpc", "campaign": "nonbrand"}	26/05/2025 10:32
o_2080	c_0781	2025-05-26T20:18:49Z	PAID	USD	$242.75	{"source": "search", "medium": "cpc", "campaign": "brand"}	26/05/2025 22:00
o_2081	c_0773	2025-05-26T10:19:25Z	Refunded	gbp	£274.31	{"source": "search", "medium": "cpc", "campaign": "nonbrand"}	26/05/2025 15:32
o_2082	c_0084	2025/05/26 08:45:31-0500	paid	GBP	GBP 339.26	{"source": "search", "medium": "cpc", "campaign": "nonbrand"}	26/05/2025 16:45
o_2083	c_0590	2025-05-26T15:20:31Z	PAID	USD	USD 403.83	{"source": "search", "medium": "cpc", "campaign": "brand"}	26/05/2025 20:08
o_2084	c_0115	2025-05-26T14:31:45Z	PAID	usd	USD 18.65	{"source": "search", "medium": "cpc", "campaign": "brand"}	26/05/2025 08:20
o_2085	c_0561	2025-05-26T16:05:14Z	Refunded	EUR	€ 79.18	{"source": "search", "medium": "cpc", "campaign": "nonbrand"}	26/05/2025 10:37
o_2086	c_0587	2025-05-26T14:04:46Z	Refunded	USD	USD 37.65	{"source": "display", "medium": "display", "campaign": "retargeting"}	26/05/2025 21:20
o_2087	c_0154	2025-05-26T09:50:50Z	Refunded	USD	$37.42	{"source": "display", "medium": "display", "campaign": "awareness"}	26/05/2025 11:39
o_2088	c_0336	2025/05/26 19:44:43-0500	PAID	USD	$34.32	{"source": "search", "medium": "cpc", "campaign": "brand"}	26/05/2025 14:09
o_2089	c_0453	2025-05-26T18:20:10Z	paid	USD	USD 106.78	{"source": "email", "medium": "email", "campaign": "promo"}	26/05/2025 12:44
o_2090	c_0697	2025/05/26 13:42:48-0500	Cancelled	USD	USD 219.90	{"source": "paid_social", "medium": "paid_social", "campaign": "prospecting"}	26/05/2025 22:41
o_2091	c_0094	2025-05-26T09:48:41Z	Fulfilled	EUR	EUR 21.44	{"source": "paid_social", "medium": "paid_social", "campaign": "retargeting"}	26/05/2025 19:51
o_2092	c_0457	2025-05-26T08:50:15Z	PAID	USD	$55.14	{"source": "search", "medium": "cpc", "campaign": "nonbrand"}	26/05/2025 12:18
o_2093	c_0136	27/05/2025 18:13	PAID	USD	USD 70.87	{"source": "search", "medium": "cpc", "campaign": "nonbrand"}	27/05/2025 17:26
o_2094	c_0468	2025-05-27T13:48:26Z	PAID	EUR	€ 435.49	{"source": "search", "medium": "cpc", "campaign": "retargeting"}	27/05/2025 08:38
o_2095	c_0064	27/05/2025 14:51	paid	EUR	EUR 32.72	{"source": "display", "medium": "display", "campaign": "awareness"}	27/05/2025 11:59
o_2096	c_0474	2025-05-27T20:37:04Z	PAID	CAD	CAD 222.72	{"source": "search", "medium": "cpc", "campaign": "brand"}	27/05/2025 21:19
o_2097	c_0316	2025-05-27T14:02:30Z	Cancelled	USD	$257.13	{"source": "search", "medium": "cpc", "campaign": "nonbrand"}	27/05/2025 14:06
o_2098	c_0335	2025-05-27T12:16:38Z	PAID	GBP	GBP 92.08	{"source": "search", "medium": "cpc", "campaign": "nonbrand"}	27/05/2025 10:51
o_2099	c_0685	2025-05-27T07:38:39Z	Fulfilled	USD	$261.01	{"source": "search", "medium": "cpc", "campaign": "retargeting"}	27/05/2025 16:11
o_2100	c_0075	2025/05/27 11:13:04-0500	paid	GBP	£15.39	{"source": "search", "medium": "cpc", "campaign": "promo"}	27/05/2025 10:02
o_2101	c_0434	2025/05/27 13:55:38-0500	paid	USD	USD 113.51	{"source": "search", "medium": "cpc", "campaign": "brand"}	27/05/2025 22:30
o_2102	c_0581	2025/05/27 07:55:58-0500	PAID	USD	$193.30	{"source": "search", "medium": "cpc", "campaign": "promo"}	27/05/2025 20:27
o_2103	c_0447	2025/05/27 17:38:41-0500	Fulfilled	EUR	EUR 15.97	{"source": "search", "medium": "cpc", "campaign": "brand"}	27/05/2025 20:50
o_2104	c_0071	2025-05-27T13:29:22Z	PAID	USD	60,47	{"source": "display", "medium": "display", "campaign": "retargeting"}	27/05/2025 11:03
o_2105	c_0250	2025-05-27T11:46:29Z	PAID	EUR	€ 12.08	{"source": "search", "medium": "cpc", "campaign": "prospecting"}	27/05/2025 16:24
o_2106	c_0185	2025-05-28T21:22:59Z	PAID	USD	30,42	{"source": "search", "medium": "cpc", "campaign": "nonbrand"}	28/05/2025 20:31
o_2107	c_0785	2025/05/28 12:01:52-0500	PAID	CAD	CAD 708.86	{"source": "search", "medium": "cpc", "campaign": "nonbrand"}	28/05/2025 12:58
o_2108	c_0315	2025-05-28T09:15:05Z	PAID	USD	USD 11.82	{"source": "search", "medium": "cpc", "campaign": "nonbrand"}	28/05/2025 16:15
o_2109	c_0460	2025-05-28T08:30:37Z	PAID	EUR	EUR 417.75	{"source": "paid_social", "medium": "paid_social", "campaign": "retargeting"}	28/05/2025 19:57
o_2110	c_0700	2025/05/28 16:58:15-0500	paid	CAD	343,84	{"source": "search", "medium": "cpc", "campaign": "nonbrand"}	28/05/2025 14:07
o_2111	c_0670	2025-05-28T14:14:14Z	PAID	GBP	GBP 432.37	{"source": "search", "medium": "cpc", "campaign": "promo"}	28/05/2025 15:59
o_2112	c_0152	2025/05/28 12:47:43-0500	paid	USD	27.8	{"source": "search", "medium": "cpc", "campaign": "nonbrand"}	28/05/2025 21:51
o_2113	c_0542	2025-05-28T17:03:47Z	PAID	USD	91.53	{"source": "search", "medium": "cpc", "campaign": "nonbrand"}	28/05/2025 21:14
o_2114	c_0775	28/05/2025 14:31	paid	GBP	97,93	{"source": "email", "medium": "email", "campaign": "newsletter"}	28/05/2025 10:02
o_2115	c_0475	2025-05-28T18:37:18Z	paid	USD	$257.96	{"source": "search", "medium": "cpc", "campaign": "nonbrand"}	28/05/2025 12:17
o_2116	c_0435	2025-05-28T13:35:39Z	PAID	USD	27.37	{"source": "search", "medium": "cpc", "campaign": "nonbrand"}	28/05/2025 16:14
o_2117	c_0236	2025-05-28T08:58:42Z	PAID	USD	$200.45	{"source": "email", "medium": "email", "campaign": "newsletter"}	28/05/2025 10:11
o_2118	c_0134	2025-05-28T12:17:49Z	Cancelled	EUR	EUR 276.01	{"source": "paid_social", "medium": "paid_social", "campaign": "prospecting"}	28/05/2025 16:54
o_2119	c_0743	2025-05-28T16:00:16Z	PAID	usd	$135.00	{"source": "search", "medium": "cpc", "campaign": "nonbrand"}	28/05/2025 09:19
o_2120	c_0630	2025-05-28T20:54:21Z	Cancelled	USD	$16.38	{"source": "paid_social", "medium": "paid_social", "campaign": "prospecting"}	28/05/2025 22:30
o_2121	c_0247	29/05/2025 19:50	paid	USD	$107.56	{"source": "paid_social", "medium": "paid_social", "campaign": "prospecting"}	29/05/2025 18:10
o_2122	c_0069	2025/05/29 18:03:48-0500	PAID	USD	$98.69	{"source": "email", "medium": "email", "campaign": "awareness"}	29/05/2025 12:45
o_2123	c_0482	2025-05-29T18:30:42Z	paid	USD	$18.17	{"source": "email", "medium": "email", "campaign": "awareness"}	29/05/2025 15:35
o_2124	c_0375	2025/05/29 14:36:57-0500	Fulfilled	GBP	GBP 545.55	{"source": "search", "medium": "cpc", "campaign": "newsletter"}	29/05/2025 08:04
o_2125	c_0251	2025-05-29T11:24:09Z	PAID	EUR	€ 276.73	{"source": "display", "medium": "display", "campaign": "brand"}	29/05/2025 08:56
o_2126	c_0412	2025/05/29 20:46:23-0500	Fulfilled	USD	$11.51	{"source": "search", "medium": "cpc", "campaign": "nonbrand"}	29/05/2025 22:40
o_2127	c_0240	2025-05-29T21:18:19Z	PAID	EUR	€ 21.94	{"source": "search", "medium": "cpc", "campaign": "nonbrand"}	29/05/2025 15:39
o_2128	c_0223	2025-05-29T21:24:01Z	PAID	USD	83.98	{"source": "search", "medium": "cpc", "campaign": "nonbrand"}	29/05/2025 22:13
o_2129	c_0796	2025-05-29T07:21:53Z	Fulfilled	USD	229.29	{"source": "search", "medium": "cpc", "campaign": "nonbrand"}	29/05/2025 14:41
o_2130	c_0750	2025-05-29T16:01:27Z	PAID	USD	USD 463.39	{"source": "paid_social", "medium": "paid_social", "campaign": "retargeting"}	29/05/2025 11:21
o_2131	c_0592	2025-05-29T18:59:58Z	PAID	USD	$145.58	{"source": "search", "medium": "cpc", "campaign": "nonbrand"}	29/05/2025 16:31
o_2132	c_0631	2025-05-29T13:37:58Z	PAID	USD	$1078.31	{"source": "paid_social", "medium": "paid_social", "campaign": "prospecting"}	29/05/2025 14:51
o_2133	c_0310	2025-05-29T13:03:04Z	PAID	USD	29.09	{"source": "paid_social", "medium": "paid_social", "campaign": "retargeting"}	29/05/2025 10:39
o_2134	c_0790	2025-05-29T13:45:46Z	PAID	GBP	GBP 250.91	{"source": "paid_social", "medium": "paid_social", "campaign": "prospecting"}	29/05/2025 17:00
o_2135	c_0191	29/05/2025 18:12	PAID	USD	10.6	{"source": "search", "medium": "cpc", "campaign": "nonbrand"}	29/05/2025 11:54
o_2136	c_0254	2025-05-29T08:08:34Z	PAID	EUR	€ 89.46	{"source": "paid_social", "medium": "paid_social", "campaign": "retargeting"}	29/05/2025 21:48
o_2137	c_0063	2025-05-29T09:06:14Z	PAID	USD	$22.98	{"source": "paid_social", "medium": "paid_social", "campaign": "retargeting"}	29/05/2025 16:47
o_2138	c_0606	2025-05-29T17:23:07Z	paid	USD	USD 257.95	{"source": "email", "medium": "email", "campaign": "awareness"}	29/05/2025 10:52
o_2139	c_0642	29/05/2025 12:42	PAID	GBP	GBP 218.90	{"source": "email", "medium": "email", "campaign": "awareness"}	29/05/2025 12:10
o_2140	c_0438	2025-05-29T19:05:38Z	PAID	eur	€ 65.43	{"source": "display", "medium": "display", "campaign": "brand"}	29/05/2025 21:58
o_2141	c_0792	2025-05-30T20:20:41Z	PAID	USD	499.63	{"source": "email", "medium": "email", "campaign": "brand"}	30/05/2025 16:02
o_2142	c_0659	2025-05-30T14:57:17Z	Fulfilled	USD	230,34	{"source": "paid_social", "medium": "paid_social", "campaign": "retargeting"}	30/05/2025 15:54
o_2143	c_0391	2025/05/30 12:05:33-0500	PAID	EUR	€ 16.56	{"source": "email", "medium": "email", "campaign": "brand"}	30/05/2025 12:49
o_2144	c_0327	2025-05-30T08:49:09Z	Cancelled	EUR	EUR 809.18	{"source": "paid_social", "medium": "paid_social", "campaign": "prospecting"}	30/05/2025 20:38
o_2145	c_0419	2025/05/30 11:13:53-0500	PAID	USD	USD 113.43	{"source": "search", "medium": "cpc", "campaign": "nonbrand"}	30/05/2025 14:26
o_2146	c_0189	2025/05/30 16:35:02-0500	Refunded	USD	$18.77	{"source": "paid_social", "medium": "paid_social", "campaign": "prospecting"}	30/05/2025 12:09
o_2147	c_0485	2025/05/30 19:10:23-0500	Refunded	USD	USD 381.18	{"source": "email", "medium": "email", "campaign": "brand"}	30/05/2025 09:40
o_2148	c_0483	2025-05-30T14:11:23Z	Fulfilled	USD	USD 280.23	{"source": "paid_social", "medium": "paid_social", "campaign": "prospecting"}	30/05/2025 21:53
o_2149	c_0475	2025-05-30T08:10:54Z	PAID	usd	$76.83	{"source": "email", "medium": "email", "campaign": "brand"}	30/05/2025 08:57
o_2150	c_0427	2025-05-30T19:41:38Z	PAID	eur	EUR 64.47	{"source": "email", "medium": "email", "campaign": "brand"}	30/05/2025 15:24
o_2151	c_0231	2025/05/30 11:28:36-0500	PAID	USD	$271.77	{"source": "paid_social", "medium": "paid_social", "campaign": "prospecting"}	30/05/2025 16:45
o_2152	c_0338	2025/05/30 07:25:56-0500	paid	CAD	151.92	{"source": "email", "medium": "email", "campaign": "brand"}	30/05/2025 13:04
o_2153	c_0135	2025/05/30 12:43:53-0500	Fulfilled	usd	$42.49	{"source": "email", "medium": "email", "campaign": "retargeting"}	30/05/2025 17:37
o_2154	c_0380	30/05/2025 17:56	Refunded	USD	$229.46	{"source": "paid_social", "medium": "paid_social", "campaign": "prospecting"}	30/05/2025 20:55
o_2155	c_0318	2025-05-31T21:54:15Z	PAID	EUR	EUR 233.44	{"source": "search", "medium": "cpc", "campaign": "nonbrand"}	31/05/2025 15:45
o_2156	c_0690	2025/05/31 18:34:04-0500	PAID	USD	USD 934.01	{"source": "paid_social", "medium": "paid_social", "campaign": "brand"}	31/05/2025 10:49
o_2157	c_0078	2025-05-31T11:53:22Z	PAID	USD	USD 286.55	{"source": "paid_social", "medium": "paid_social", "campaign": "brand"}	31/05/2025 17:24
o_2158	c_0742	2025-05-31T13:18:51Z	PAID	USD	$249.12	{"source": "search", "medium": "cpc", "campaign": "nonbrand"}	31/05/2025 14:11
o_2159	c_0223	2025-05-31T12:50:03Z	Cancelled	USD	295.44	{"source": "search", "medium": "cpc", "campaign": "nonbrand"}	31/05/2025 14:58
o_2160	c_0488	2025/05/31 07:43:53-0500	PAID	USD	327,68	{"source": "search", "medium": "cpc", "campaign": "nonbrand"}	31/05/2025 14:01
o_2161	c_0760	31/05/2025 08:50	PAID	USD	$348.04	{"source": "paid_social", "medium": "paid_social", "campaign": "retargeting"}	31/05/2025 18:09
o_2162	c_0771	2025-05-31T10:15:24Z	Fulfilled	usd	USD 222.46	{"source": "paid_social", "medium": "paid_social", "campaign": "prospecting"}	31/05/2025 14:25
o_2163	c_0721	2025/05/31 15:29:54-0500	PAID	usd	USD 45.44	{"source": "paid_social", "medium": "paid_social", "campaign": "brand"}	31/05/2025 14:58
o_2164	c_0407	2025-06-01T15:46:12Z	PAID	EUR	€ 105.51	{"source": "search", "medium": "cpc", "campaign": "prospecting"}	01/06/2025 13:23
o_2165	c_0330	2025/06/01 16:52:41-0500	PAID	USD	111.79	{"source": "search", "medium": "cpc", "campaign": "retargeting"}	01/06/2025 19:17
o_2166	c_0547	2025/06/01 17:54:44-0500	PAID	EUR	€ 621.07	{"source": "search", "medium": "cpc", "campaign": "nonbrand"}	01/06/2025 13:54
o_2167	c_0316	2025/06/01 10:47:00-0500	Cancelled	usd	USD 89.44	{"source": "search", "medium": "cpc", "campaign": "retargeting"}	01/06/2025 12:56
o_2168	c_0584	2025-06-01T18:17:58Z	PAID	USD	USD 68.08	{"source": "search", "medium": "cpc", "campaign": "promo"}	01/06/2025 15:45
o_2169	c_0510	2025-06-01T15:27:25Z	paid	USD	USD 958.52	{"source": "search", "medium": "cpc", "campaign": "retargeting"}	01/06/2025 13:13
o_2170	c_0780	2025-06-01T11:14:55Z	paid	USD	$354.85	{"source": "search", "medium": "cpc", "campaign": "prospecting"}	01/06/2025 16:06
o_2171	c_0597	01/06/2025 12:24	PAID	USD	USD 113.27	{"source": "search", "medium": "cpc", "campaign": "retargeting"}	01/06/2025 20:22
o_2172	c_0424	01/06/2025 14:56	Refunded	USD	14.59	{"source": "search", "medium": "cpc", "campaign": "nonbrand"}	01/06/2025 14:37
o_2173	c_0370	2025-06-02T13:01:26Z	Refunded	CAD	CAD 299.12	{"source": "paid_social", "medium": "paid_social", "campaign": "nonbrand"}	02/06/2025 16:25
o_2174	c_0150	2025-06-02T09:13:29Z	Cancelled	USD	17,50	{"source": "paid_social", "medium": "paid_social", "campaign": "retargeting"}	02/06/2025 18:15
o_2175	c_0268	2025-06-02T11:59:03Z	PAID	usd	$18.67	{"source": "email", "medium": "email", "campaign": "promo"}	02/06/2025 13:37
o_2176	c_0599	02/06/2025 17:33	PAID	USD	144.31	{"source": "paid_social", "medium": "paid_social", "campaign": "nonbrand"}	02/06/2025 13:58
o_2177	c_0475	2025-06-02T08:56:51Z	paid	usd	$79.76	{"source": "email", "medium": "email", "campaign": "promo"}	02/06/2025 12:44
o_2178	c_0532	2025-06-02T08:19:32Z	PAID	USD	USD 266.32	{"source": "paid_social", "medium": "paid_social", "campaign": "nonbrand"}	02/06/2025 10:19
o_2179	c_0252	2025-06-02T15:33:16Z	PAID	EUR	€ 16.22	{"source": "search", "medium": "cpc", "campaign": "prospecting"}	02/06/2025 10:28
o_2180	c_0564	2025-06-02T07:34:33Z	Fulfilled	usd	USD 493.35	{"source": "search", "medium": "cpc", "campaign": "retargeting"}	02/06/2025 19:59
o_2181	c_0546	2025-06-02T12:26:51Z	PAID	GBP	£72.43	{"source": "email", "medium": "email", "campaign": "brand"}	02/06/2025 10:46
o_2182	c_0782	2025-06-02T17:18:00Z	PAID	USD	$15.42	{"source": "search", "medium": "cpc", "campaign": "retargeting"}	02/06/2025 20:00
o_2183	c_0741	2025-06-02T08:19:10Z	PAID	USD	$217.53	{"source": "search", "medium": "cpc", "campaign": "prospecting"}	02/06/2025 19:08
o_2184	c_0758	2025/06/02 17:23:04-0500	paid	EUR	11.64	{"source": "search", "medium": "cpc", "campaign": "prospecting"}	02/06/2025 11:53
o_2185	c_0472	2025-06-02T12:40:36Z	PAID	USD	USD 198.55	{"source": "email", "medium": "email", "campaign": "brand"}	02/06/2025 13:05
o_2186	c_0174	2025-06-03T20:23:27Z	PAID	USD	$168.47	{"source": "paid_social", "medium": "paid_social", "campaign": "retargeting"}	03/06/2025 09:03
o_2187	c_0189	2025-06-03T12:03:44Z	PAID	usd	USD 230.33	{"source": "display", "medium": "display", "campaign": "prospecting"}	03/06/2025 17:52
o_2188	c_0109	2025-06-03T10:36:24Z	PAID	USD	$137.19	{"source": "paid_social", "medium": "paid_social", "campaign": "retargeting"}	03/06/2025 20:36
o_2189	c_0089	2025-06-03T09:15:07Z	PAID	USD	USD 26.51	{"source": "display", "medium": "display", "campaign": "prospecting"}	03/06/2025 14:47
o_2190	c_0141	03/06/2025 13:18	PAID	usd	$703.75	{"source": "search", "medium": "cpc", "campaign": "nonbrand"}	03/06/2025 17:55
o_2191	c_0381	2025-06-03T08:08:51Z	PAID	USD	$339.06	{"source": "display", "medium": "display", "campaign": "retargeting"}	03/06/2025 10:38
o_2192	c_0010	2025-06-03T08:55:40Z	Fulfilled	USD	$132.44	{"source": "email", "medium": "email", "campaign": "promo"}	03/06/2025 14:42
o_2193	c_0796	2025/06/03 10:53:45-0500	PAID	USD	$12.84	{"source": "paid_social", "medium": "paid_social", "campaign": "brand"}	03/06/2025 21:46
o_2194	c_0383	2025-06-03T19:49:43Z	PAID	GBP	£193.75	{"source": "paid_social", "medium": "paid_social", "campaign": "brand"}	03/06/2025 15:58
o_2195	c_0654	2025-06-03T16:12:54Z	PAID	GBP	GBP 232.22	{"source": "display", "medium": "display", "campaign": "prospecting"}	03/06/2025 08:50
o_2196	c_0632	2025-06-04T20:21:32Z	Cancelled	USD	$13.81	{"source": "email", "medium": "email", "campaign": "retargeting"}	04/06/2025 10:51
o_2197	c_0676	04/06/2025 19:27	paid	eur	EUR 30.94	{"source": "paid_social", "medium": "paid_social", "campaign": "nonbrand"}	04/06/2025 20:47
o_2198	c_0017	2025-06-04T20:14:33Z	PAID	USD	USD 19.51	{"source": "display", "medium": "display", "campaign": "prospecting"}	04/06/2025 17:05
o_2199	c_0545	04/06/2025 18:21	PAID	USD	$19.35	{"source": "paid_social", "medium": "paid_social", "campaign": "nonbrand"}	04/06/2025 10:34
o_2200	c_0665	2025-06-04T12:33:57Z	PAID	USD	643,65	{"source": "display", "medium": "display", "campaign": "awareness"}	04/06/2025 13:09
o_2201	c_0740	04/06/2025 08:29	Cancelled	USD	USD 70.50	{"source": "paid_social", "medium": "paid_social", "campaign": "brand"}	04/06/2025 17:11
o_2202	c_0549	2025/06/04 18:09:45-0500	Refunded	eur	EUR 74.04	{"source": "email", "medium": "email", "campaign": "retargeting"}	04/06/2025 20:52
o_2203	c_0018	04/06/2025 20:43	PAID	EUR	EUR 17.49	{"source": "display", "medium": "display", "campaign": "prospecting"}	04/06/2025 13:15
o_2204	c_0715	2025/06/04 14:13:19-0500	PAID	USD	USD 214.72	{"source": "paid_social", "medium": "paid_social", "campaign": "brand"}	04/06/2025 16:34
o_2205	c_0441	04/06/2025 20:02	paid	EUR	€ 36.47	{"source": "email", "medium": "email", "campaign": "newsletter"}	04/06/2025 11:53
o_2206	c_0110	2025-06-04T21:20:19Z	PAID	USD	$118.17	{"source": "email", "medium": "email", "campaign": "retargeting"}	04/06/2025 17:27
o_2207	c_0537	2025/06/04 16:04:10-0500	PAID	USD	USD 87.68	{"source": "paid_social", "medium": "paid_social", "campaign": "brand"}	04/06/2025 08:29
o_2208	c_0392	2025-06-05T17:05:56Z	paid	CAD	C$43.50	{"source": "email", "medium": "email", "campaign": "newsletter"}	05/06/2025 12:32
o_2209	c_0635	2025-06-05T11:31:08Z	paid	USD	USD 16.78	{"source": "paid_social", "medium": "paid_social", "campaign": "nonbrand"}	05/06/2025 09:54
o_2210	c_0259	05/06/2025 08:54	paid	GBP	£266.67	{"source": "display", "medium": "display", "campaign": "awareness"}	05/06/2025 22:20
o_2211	c_0434	05/06/2025 19:41	PAID	usd	USD 229.62	{"source": "email", "medium": "email", "campaign": "newsletter"}	05/06/2025 17:45
o_2212	c_0416	05/06/2025 16:50	paid	CAD	15.97	{"source": "search", "medium": "cpc", "campaign": "retargeting"}	05/06/2025 09:37
o_2213	c_0579	2025-06-05T17:46:11Z	PAID	CAD	C$41.44	{"source": "paid_social", "medium": "paid_social", "campaign": "nonbrand"}	05/06/2025 11:47
o_2214	c_0714	2025/06/05 08:12:35-0500	Fulfilled	USD	208.72	{"source": "search", "medium": "cpc", "campaign": "brand"}	05/06/2025 17:25
o_2215	c_0701	2025-06-05T21:22:46Z	paid	usd	$112.12	{"source": "display", "medium": "display", "campaign": "awareness"}	05/06/2025 14:04
o_2216	c_0065	2025/06/05 13:57:25-0500	PAID	GBP	GBP 114.14	{"source": "paid_social", "medium": "paid_social", "campaign": "prospecting"}	05/06/2025 09:48
o_2217	c_0416	05/06/2025 17:00	PAID	CAD	654.85	{"source": "email", "medium": "email", "campaign": "newsletter"}	05/06/2025 14:20
o_2218	c_0566	2025/06/05 17:22:00-0500	PAID	CAD	305.8	{"source": "email", "medium": "email", "campaign": "newsletter"}	05/06/2025 15:47
o_2219	c_0290	2025-06-05T20:48:37Z	PAID	USD	$115.57	{"source": "paid_social", "medium": "paid_social", "campaign": "nonbrand"}	05/06/2025 22:57
o_2220	c_0445	2025/06/05 17:34:09-0500	PAID	USD	USD 211.27	{"source": "search", "medium": "cpc", "campaign": "brand"}	05/06/2025 19:23
o_2221	c_0340	2025-06-06T12:20:01Z	paid	CAD	C$184.76	{"source": "paid_social", "medium": "paid_social", "campaign": "prospecting"}	06/06/2025 10:45
o_2222	c_0098	06/06/2025 21:56	PAID	USD	USD 52.67	{"source": "display", "medium": "display", "campaign": "nonbrand"}	06/06/2025 13:58
o_2223	c_0236	2025-06-06T18:45:14Z	Refunded	USD	256.4	{"source": "paid_social", "medium": "paid_social", "campaign": "prospecting"}	06/06/2025 14:49
o_2224	c_0436	2025-06-06T08:05:03Z	PAID	EUR	162.4	{"source": "paid_social", "medium": "paid_social", "campaign": "prospecting"}	06/06/2025 17:39
o_2225	c_0701	2025-06-06T20:15:47Z	PAID	USD	$93.50	{"source": "display", "medium": "display", "campaign": "retargeting"}	06/06/2025 10:21
o_2226	c_0578	06/06/2025 12:36	paid	cad	CAD 251.69	{"source": "display", "medium": "display", "campaign": "retargeting"}	06/06/2025 08:26
o_2227	c_0297	2025-06-06T20:31:41Z	PAID	USD	USD 160.26	{"source": "paid_social", "medium": "paid_social", "campaign": "prospecting"}	06/06/2025 18:36
o_2228	c_0213	2025-06-06T12:18:30Z	PAID	USD	$334.82	{"source": "display", "medium": "display", "campaign": "nonbrand"}	06/06/2025 09:55
o_2229	c_0148	2025/06/06 12:44:16-0500	Refunded	USD	281.15	{"source": "display", "medium": "display", "campaign": "retargeting"}	06/06/2025 19:51
o_2230	c_0079	2025/06/06 21:21:37-0500	paid	USD	$77.17	{"source": "display", "medium": "display", "campaign": "nonbrand"}	06/06/2025 09:48
o_2231	c_0266	2025/06/06 07:51:39-0500	PAID	USD	235,42	{"source": "paid_social", "medium": "paid_social", "campaign": "brand"}	06/06/2025 08:44
o_2232	c_0581	2025-06-06T07:22:19Z	Refunded	USD	290.58	{"source": "display", "medium": "display", "campaign": "retargeting"}	06/06/2025 21:19
o_2233	c_0554	2025/06/06 13:55:31-0500	paid	EUR	EUR 261.33	{"source": "display", "medium": "display", "campaign": "retargeting"}	06/06/2025 20:20
o_2234	c_0605	2025/06/06 07:06:59-0500	PAID	CAD	CAD 240.08	{"source": "display", "medium": "display", "campaign": "awareness"}	06/06/2025 12:17
o_2235	c_0144	2025/06/06 07:27:48-0500	PAID	usd	USD 393.02	{"source": "paid_social", "medium": "paid_social", "campaign": "brand"}	06/06/2025 11:09
o_2236	c_0513	2025-06-06T14:59:18Z	PAID	USD	$990.87	{"source": "display", "medium": "display", "campaign": "awareness"}	06/06/2025 09:44
o_2237	c_0158	2025/06/07 08:40:04-0500	PAID	GBP	GBP 105.27	{"source": "paid_social", "medium": "paid_social", "campaign": "newsletter"}	07/06/2025 12:46
o_2238	c_0078	2025-06-07T08:48:46Z	PAID	USD	USD 152.22	{"source": "display", "medium": "display", "campaign": "awareness"}	07/06/2025 15:16
o_2239	c_0620	2025-06-07T12:47:28Z	PAID	EUR	€ 764.77	{"source": "display", "medium": "display", "campaign": "awareness"}	07/06/2025 22:00
o_2240	c_0513	2025/06/07 19:02:22-0500	PAID	usd	USD 273.59	{"source": "paid_social", "medium": "paid_social", "campaign": "brand"}	07/06/2025 14:12
o_2241	c_0436	2025-06-07T20:15:50Z	paid	EUR	€ 384.19	{"source": "paid_social", "medium": "paid_social", "campaign": "brand"}	07/06/2025 16:18
o_2242	c_0365	2025-06-07T16:22:58Z	paid	CAD	C$21.53	{"source": "paid_social", "medium": "paid_social", "campaign": "retargeting"}	07/06/2025 09:25
o_2243	c_0587	2025-06-07T15:27:33Z	Fulfilled	USD	$9.14	{"source": "paid_social", "medium": "paid_social", "campaign": "retargeting"}	07/06/2025 20:57
o_2244	c_0191	2025-06-07T12:37:53Z	PAID	USD	$242.97	{"source": "paid_social", "medium": "paid_social", "campaign": "retargeting"}	07/06/2025 16:13
o_2245	c_0600	2025-06-07T20:57:43Z	PAID	GBP	£244.85	{"source": "search", "medium": "cpc", "campaign": "prospecting"}	07/06/2025 08:56
o_2246	c_0390	2025-06-08T15:29:02Z	Fulfilled	CAD	C$123.05	{"source": "display", "medium": "display", "campaign": "retargeting"}	08/06/2025 11:09
o_2247	c_0791	2025-06-08T16:04:04Z	paid	GBP	GBP 479.04	{"source": "display", "medium": "display", "campaign": "retargeting"}	08/06/2025 08:23
o_2248	c_0122	2025/06/08 12:30:12-0500	paid	USD	USD 225.05	{"source": "search", "medium": "cpc", "campaign": "nonbrand"}	08/06/2025 14:52
o_2249	c_0390	2025/06/08 19:04:32-0500	PAID	cad	C$789.22	{"source": "search", "medium": "cpc", "campaign": "awareness"}	08/06/2025 10:59
o_2250	c_0158	08/06/2025 11:50	PAID	GBP	GBP 280.10	{"source": "search", "medium": "cpc", "campaign": "brand"}	08/06/2025 20:58
o_2251	c_0607	2025/06/08 16:55:36-0500	Refunded	GBP	£753.67	{"source": "search", "medium": "cpc", "campaign": "prospecting"}	08/06/2025 20:51
o_2252	c_0110	2025-06-08T13:38:22Z	paid	USD	USD 111.15	{"source": "search", "medium": "cpc", "campaign": "awareness"}	08/06/2025 13:06
o_2253	c_0316	2025-06-08T15:09:38Z	PAID	USD	$37.30	{"source": "search", "medium": "cpc", "campaign": "awareness"}	08/06/2025 11:10
o_2254	c_0369	2025-06-09T09:11:38Z	Fulfilled	USD	$68.23	{"source": "paid_social", "medium": "paid_social", "campaign": "retargeting"}	09/06/2025 11:44
o_2255	c_0105	2025/06/09 10:09:58-0500	paid	USD	$28.47	{"source": "search", "medium": "cpc", "campaign": "brand"}	09/06/2025 18:40
o_2256	c_0090	2025-06-09T12:46:12Z	Cancelled	USD	USD 28.31	{"source": "search", "medium": "cpc", "campaign": "brand"}	09/06/2025 09:29
o_2257	c_0442	2025/06/09 15:05:28-0500	PAID	USD	$14.16	{"source": "search", "medium": "cpc", "campaign": "nonbrand"}	09/06/2025 22:41
o_2258	c_0571	2025-06-09T13:07:29Z	PAID	EUR	EUR 21.98	{"source": "search", "medium": "cpc", "campaign": "brand"}	09/06/2025 09:29
o_2259	c_0781	2025-06-09T10:12:44Z	PAID	USD	$11.83	{"source": "email", "medium": "email", "campaign": "newsletter"}	09/06/2025 20:37
o_2260	c_0106	09/06/2025 11:22	Cancelled	USD	USD 14.43	{"source": "search", "medium": "cpc", "campaign": "nonbrand"}	09/06/2025 10:01
o_2261	c_0144	2025/06/09 14:05:34-0500	PAID	USD	187.16	{"source": "search", "medium": "cpc", "campaign": "nonbrand"}	09/06/2025 20:40
o_2262	c_0096	09/06/2025 14:06	paid	EUR	EUR 138.76	{"source": "search", "medium": "cpc", "campaign": "prospecting"}	09/06/2025 19:39
o_2263	c_0505	2025-06-09T18:52:13Z	paid	USD	USD 45.50	{"source": "search", "medium": "cpc", "campaign": "nonbrand"}	09/06/2025 19:50
o_2264	c_0299	2025-06-09T07:45:07Z	PAID	USD	$12.33	{"source": "search", "medium": "cpc", "campaign": "prospecting"}	09/06/2025 10:01
o_2265	c_0600	2025-06-09T16:13:11Z	paid	GBP	GBP 201.25	{"source": "search", "medium": "cpc", "campaign": "retargeting"}	09/06/2025 21:30
o_2266	c_0384	2025-06-09T13:48:02Z	PAID	EUR	199.45	{"source": "search", "medium": "cpc", "campaign": "nonbrand"}	09/06/2025 10:05
o_2267	c_0702	09/06/2025 09:07	paid	USD	$54.73	{"source": "search", "medium": "cpc", "campaign": "brand"}	09/06/2025 17:26
o_2268	c_0227	09/06/2025 17:43	paid	USD	$87.60	{"source": "search", "medium": "cpc", "campaign": "brand"}	09/06/2025 13:02
o_2269	c_0468	2025/06/09 14:23:00-0500	PAID	EUR	€ 107.06	{"source": "search", "medium": "cpc", "campaign": "brand"}	09/06/2025 18:11
o_2270	c_0150	2025-06-10T21:06:11Z	PAID	USD	$139.52	{"source": "paid_social", "medium": "paid_social", "campaign": "nonbrand"}	10/06/2025 20:30
o_2271	c_0446	10/06/2025 21:43	paid	USD	USD 246.90	{"source": "paid_social", "medium": "paid_social", "campaign": "brand"}	10/06/2025 18:59
o_2272	c_0432	2025-06-10T08:27:18Z	paid	EUR	71.8	{"source": "paid_social", "medium": "paid_social", "campaign": "prospecting"}	10/06/2025 18:28
o_2273	c_0496	2025-06-10T20:23:41Z	Refunded	GBP	£451.81	{"source": "paid_social", "medium": "paid_social", "campaign": "retargeting"}	10/06/2025 18:46
o_2274	c_0258	2025/06/10 09:46:38-0500	PAID	USD	48.26	{"source": "paid_social", "medium": "paid_social", "campaign": "retargeting"}	10/06/2025 10:55
o_2275	c_0739	2025-06-10T20:29:55Z	paid	USD	$358.96	{"source": "paid_social", "medium": "paid_social", "campaign": "prospecting"}	10/06/2025 19:46
o_2276	c_0754	2025-06-10T16:13:21Z	Cancelled	USD	USD 404.21	{"source": "display", "medium": "display", "campaign": "awareness"}	10/06/2025 13:23
o_2277	c_0312	2025-06-10T18:20:44Z	paid	USD	$238.15	{"source": "search", "medium": "cpc", "campaign": "promo"}	10/06/2025 12:02
o_2278	c_0221	2025-06-10T13:01:53Z	PAID	USD	$137.43	{"source": "search", "medium": "cpc", "campaign": "promo"}	10/06/2025 11:11
o_2279	c_0341	10/06/2025 17:04	Cancelled	CAD	C$157.67	{"source": "display", "medium": "display", "campaign": "awareness"}	10/06/2025 21:39
o_2280	c_0338	2025-06-11T08:54:08Z	PAID	CAD	CAD 168.97	{"source": "search", "medium": "cpc", "campaign": "nonbrand"}	11/06/2025 12:10
o_2281	c_0441	2025-06-11T13:22:34Z	PAID	EUR	€ 581.39	{"source": "search", "medium": "cpc", "campaign": "prospecting"}	11/06/2025 09:56
o_2282	c_0308	11/06/2025 08:56	Cancelled	CAD	114.02	{"source": "search", "medium": "cpc", "campaign": "brand"}	11/06/2025 17:21
o_2283	c_0618	2025-06-11T20:00:58Z	PAID	USD	$321.82	{"source": "search", "medium": "cpc", "campaign": "brand"}	11/06/2025 20:04
o_2284	c_0322	2025-06-11T07:04:37Z	PAID	USD	$23.94	{"source": "paid_social", "medium": "paid_social", "campaign": "retargeting"}	11/06/2025 21:51
o_2285	c_0482	2025-06-11T07:45:08Z	PAID	usd	USD 41.00	{"source": "email", "medium": "email", "campaign": "newsletter"}	11/06/2025 21:52
o_2286	c_0327	2025-06-11T10:22:50Z	Refunded	EUR	€ 641.91	{"source": "email", "medium": "email", "campaign": "awareness"}	11/06/2025 21:10
o_2287	c_0503	2025-06-11T12:02:27Z	Fulfilled	GBP	£222.85	{"source": "paid_social", "medium": "paid_social", "campaign": "retargeting"}	11/06/2025 15:36
o_2288	c_0334	2025-06-11T12:47:11Z	PAID	USD	USD 110.98	{"source": "search", "medium": "cpc", "campaign": "prospecting"}	11/06/2025 11:40
o_2289	c_0403	2025/06/11 16:01:29-0500	PAID	EUR	€ 517.46	{"source": "paid_social", "medium": "paid_social", "campaign": "retargeting"}	11/06/2025 12:47
o_2290	c_0205	2025-06-12T17:07:44Z	paid	USD	$281.37	{"source": "paid_social", "medium": "paid_social", "campaign": "nonbrand"}	12/06/2025 16:14
o_2291	c_0699	2025-06-12T11:11:43Z	PAID	USD	USD 23.15	{"source": "display", "medium": "display", "campaign": "retargeting"}	12/06/2025 19:51
o_2292	c_0028	2025/06/12 11:46:10-0500	Refunded	USD	USD 233.41	{"source": "search", "medium": "cpc", "campaign": "brand"}	12/06/2025 20:50
o_2293	c_0473	2025/06/12 16:42:04-0500	PAID	USD	$353.61	{"source": "search", "medium": "cpc", "campaign": "brand"}	12/06/2025 08:46
o_2294	c_0449	2025-06-12T20:25:21Z	PAID	USD	188.58	{"source": "display", "medium": "display", "campaign": "prospecting"}	12/06/2025 14:15
o_2295	c_0710	2025-06-12T20:32:34Z	PAID	eur	€ 249.46	{"source": "paid_social", "medium": "paid_social", "campaign": "promo"}	12/06/2025 08:09
o_2296	c_0624	2025-06-12T12:05:56Z	paid	USD	$230.05	{"source": "search", "medium": "cpc", "campaign": "brand"}	12/06/2025 16:53
o_2297	c_0512	12/06/2025 17:24	paid	USD	USD 253.41	{"source": "paid_social", "medium": "paid_social", "campaign": "newsletter"}	12/06/2025 11:29
o_2298	c_0463	2025-06-12T08:00:33Z	PAID	GBP	£192.67	{"source": "search", "medium": "cpc", "campaign": "retargeting"}	12/06/2025 12:27
o_2299	c_0733	2025-06-12T10:22:25Z	PAID	USD	$23.12	{"source": "display", "medium": "display", "campaign": "prospecting"}	12/06/2025 22:08
o_2300	c_0387	2025-06-12T13:43:41Z	paid	USD	125.51	{"source": "paid_social", "medium": "paid_social", "campaign": "nonbrand"}	12/06/2025 14:10
o_2301	c_0460	2025-06-12T12:19:05Z	paid	EUR	EUR 173.27	{"source": "search", "medium": "cpc", "campaign": "retargeting"}	12/06/2025 22:13
o_2302	c_0726	12/06/2025 13:03	Fulfilled	USD	$293.12	{"source": "display", "medium": "display", "campaign": "retargeting"}	12/06/2025 22:18
o_2303	c_0411	2025-06-13T10:10:19Z	Refunded	EUR	EUR 21.59	{"source": "search", "medium": "cpc", "campaign": "nonbrand"}	13/06/2025 12:49
o_2304	c_0519	2025/06/13 14:32:51-0500	paid	USD	225.2	{"source": "paid_social", "medium": "paid_social", "campaign": "brand"}	13/06/2025 19:04
o_2305	c_0429	2025-06-13T09:35:10Z	PAID	USD	USD 35.64	{"source": "email", "medium": "email", "campaign": "retargeting"}	13/06/2025 22:59
o_2306	c_0369	2025/06/13 19:22:12-0500	PAID	USD	USD 543.82	{"source": "paid_social", "medium": "paid_social", "campaign": "brand"}	13/06/2025 10:29
o_2307	c_0550	2025-06-13T19:10:39Z	PAID	EUR	EUR 745.43	{"source": "search", "medium": "cpc", "campaign": "promo"}	13/06/2025 09:06
o_2308	c_0088	2025-06-13T15:30:16Z	paid	usd	USD 102.20	{"source": "search", "medium": "cpc", "campaign": "nonbrand"}	13/06/2025 12:08
o_2309	c_0390	13/06/2025 14:16	PAID	CAD	C$418.08	{"source": "paid_social", "medium": "paid_social", "campaign": "brand"}	13/06/2025 09:20
o_2310	c_0364	2025-06-13T12:16:14Z	Cancelled	eur	EUR 33.11	{"source": "search", "medium": "cpc", "campaign": "nonbrand"}	13/06/2025 09:54
o_2311	c_0663	2025-06-13T09:25:58Z	PAID	GBP	GBP 521.88	{"source": "search", "medium": "cpc", "campaign": "nonbrand"}	13/06/2025 17:30
o_2312	c_0605	2025-06-13T18:01:49Z	PAID	CAD	C$154.13	{"source": "search", "medium": "cpc", "campaign": "nonbrand"}	13/06/2025 14:02
o_2313	c_0441	2025-06-13T19:35:31Z	PAID	EUR	142,35	{"source": "email", "medium": "email", "campaign": "retargeting"}	13/06/2025 18:00
o_2314	c_0101	13/06/2025 21:28	PAID	USD	$135.56	{"source": "email", "medium": "email", "campaign": "retargeting"}	13/06/2025 11:22
o_2315	c_0347	2025-06-13T11:54:34Z	paid	USD	317.08	{"source": "search", "medium": "cpc", "campaign": "nonbrand"}	13/06/2025 22:13
o_2316	c_0346	2025-06-14T11:32:25Z	PAID	EUR	EUR 164.80	{"source": "search", "medium": "cpc", "campaign": "retargeting"}	14/06/2025 13:11
o_2317	c_0475	2025-06-14T09:46:39Z	PAID	USD	USD 238.84	{"source": "search", "medium": "cpc", "campaign": "brand"}	14/06/2025 18:51
o_2318	c_0603	14/06/2025 07:53	PAID	gbp	£253.68	{"source": "paid_social", "medium": "paid_social", "campaign": "promo"}	14/06/2025 17:19
o_2319	c_0513	14/06/2025 13:08	PAID	usd	USD 150.62	{"source": "search", "medium": "cpc", "campaign": "brand"}	14/06/2025 17:31
o_2320	c_0026	2025-06-14T15:08:32Z	Fulfilled	USD	USD 13.06	{"source": "search", "medium": "cpc", "campaign": "brand"}	14/06/2025 16:19
o_2321	c_0168	2025-06-14T19:40:31Z	PAID	USD	$185.91	{"source": "paid_social", "medium": "paid_social", "campaign": "promo"}	14/06/2025 16:10
o_2322	c_0119	2025-06-14T17:39:15Z	paid	EUR	€ 478.19	{"source": "search", "medium": "cpc", "campaign": "brand"}	14/06/2025 14:38
o_2323	c_0320	14/06/2025 15:20	PAID	GBP	£207.21	{"source": "search", "medium": "cpc", "campaign": "prospecting"}	14/06/2025 21:45
o_2324	c_0775	2025-06-15T10:46:44Z	Refunded	GBP	£12.03	{"source": "email", "medium": "email", "campaign": "nonbrand"}	15/06/2025 20:59
o_2325	c_0357	2025-06-15T11:59:54Z	Fulfilled	USD	USD 12.55	{"source": "email", "medium": "email", "campaign": "nonbrand"}	15/06/2025 11:49
o_2326	c_0100	2025-06-15T16:33:39Z	PAID	USD	$15.19	{"source": "search", "medium": "cpc", "campaign": "brand"}	15/06/2025 13:19
o_2327	c_0740	2025/06/15 13:38:55-0500	PAID	USD	258.96	{"source": "email", "medium": "email", "campaign": "retargeting"}	15/06/2025 17:56
o_2328	c_0464	2025/06/15 16:15:08-0500	PAID	USD	USD 255.04	{"source": "display", "medium": "display", "campaign": "awareness"}	15/06/2025 11:28
o_2329	c_0069	2025/06/15 11:38:22-0500	paid	USD	$143.62	{"source": "search", "medium": "cpc", "campaign": "brand"}	15/06/2025 22:09
o_2330	c_0046	2025/06/15 21:25:14-0500	Refunded	GBP	GBP 725.20	{"source": "email", "medium": "email", "campaign": "retargeting"}	15/06/2025 13:13
o_2331	c_0352	15/06/2025 12:04	PAID	USD	USD 288.99	{"source": "display", "medium": "display", "campaign": "retargeting"}	15/06/2025 15:25
o_2332	c_0694	2025-06-16T19:06:45Z	PAID	usd	USD 118.77	{"source": "paid_social", "medium": "paid_social", "campaign": "nonbrand"}	16/06/2025 19:42
o_2333	c_0763	2025/06/16 09:37:10-0500	PAID	usd	$56.85	{"source": "search", "medium": "cpc", "campaign": "brand"}	16/06/2025 13:24
o_2334	c_0254	2025-06-16T19:20:11Z	PAID	EUR	€ 114.53	{"source": "paid_social", "medium": "paid_social", "campaign": "prospecting"}	16/06/2025 14:40
o_2335	c_0640	2025/06/16 18:49:36-0500	PAID	USD	$11.37	{"source": "paid_social", "medium": "paid_social", "campaign": "prospecting"}	16/06/2025 21:31
o_2336	c_0238	2025-06-16T18:44:44Z	PAID	GBP	GBP 240.06	{"source": "search", "medium": "cpc", "campaign": "retargeting"}	16/06/2025 19:23
o_2337	c_0189	16/06/2025 12:42	Cancelled	USD	$28.11	{"source": "paid_social", "medium": "paid_social", "campaign": "prospecting"}	16/06/2025 12:34
o_2338	c_0656	2025/06/16 10:38:50-0500	PAID	USD	USD 231.36	{"source": "email", "medium": "email", "campaign": "newsletter"}	16/06/2025 12:45
o_2339	c_0443	2025-06-16T16:45:15Z	PAID	USD	USD 12.29	{"source": "search", "medium": "cpc", "campaign": "brand"}	16/06/2025 21:50
o_2340	c_0030	2025-06-16T16:08:02Z	paid	CAD	CAD 1049.33	{"source": "search", "medium": "cpc", "campaign": "brand"}	16/06/2025 15:01
o_2341	c_0203	2025/06/16 20:42:00-0500	paid	USD	$14.12	{"source": "paid_social", "medium": "paid_social", "campaign": "promo"}	16/06/2025 15:06
o_2342	c_0607	16/06/2025 15:54	PAID	GBP	GBP 9.78	{"source": "paid_social", "medium": "paid_social", "campaign": "prospecting"}	16/06/2025 10:01
o_2343	c_0399	2025-06-16T21:17:01Z	PAID	EUR	EUR 14.67	{"source": "paid_social", "medium": "paid_social", "campaign": "promo"}	16/06/2025 08:32
o_2344	c_0722	2025-06-16T09:13:03Z	PAID	cad	CAD 332.59	{"source": "search", "medium": "cpc", "campaign": "retargeting"}	16/06/2025 14:26
o_2345	c_0425	16/06/2025 08:22	paid	USD	$448.32	{"source": "paid_social", "medium": "paid_social", "campaign": "nonbrand"}	16/06/2025 08:31
o_2346	c_0065	2025/06/16 18:25:52-0500	PAID	GBP	£339.80	{"source": "search", "medium": "cpc", "campaign": "brand"}	16/06/2025 12:21
o_2347	c_0192	2025-06-17T17:23:43Z	PAID	EUR	€ 148.92	{"source": "paid_social", "medium": "paid_social", "campaign": "retargeting"}	17/06/2025 13:17
o_2348	c_0334	2025/06/17 21:33:10-0500	Refunded	USD	USD 42.72	{"source": "paid_social", "medium": "paid_social", "campaign": "nonbrand"}	17/06/2025 18:51
o_2349	c_0469	2025-06-17T18:54:20Z	paid	usd	USD 91.98	{"source": "display", "medium": "display", "campaign": "promo"}	17/06/2025 16:42
o_2350	c_0269	2025-06-17T09:23:15Z	PAID	USD	$275.28	{"source": "search", "medium": "cpc", "campaign": "prospecting"}	17/06/2025 08:38
o_2351	c_0655	2025/06/17 08:30:55-0500	paid	USD	USD 303.40	{"source": "search", "medium": "cpc", "campaign": "brand"}	17/06/2025 08:51
o_2352	c_0612	2025/06/17 20:19:29-0500	PAID	cad	CAD 10.91	{"source": "paid_social", "medium": "paid_social", "campaign": "retargeting"}	17/06/2025 12:13
o_2353	c_0626	2025-06-17T12:41:41Z	PAID	EUR	€ 513.81	{"source": "paid_social", "medium": "paid_social", "campaign": "retargeting"}	17/06/2025 13:39
o_2354	c_0177	2025-06-17T19:25:55Z	Fulfilled	USD	116,26	{"source": "paid_social", "medium": "paid_social", "campaign": "nonbrand"}	17/06/2025 22:41
o_2355	c_0361	17/06/2025 20:49	PAID	usd	$181.26	{"source": "paid_social", "medium": "paid_social", "campaign": "nonbrand"}	17/06/2025 17:52
o_2356	c_0268	2025/06/17 12:28:56-0500	PAID	usd	USD 188.71	{"source": "paid_social", "medium": "paid_social", "campaign": "retargeting"}	17/06/2025 21:27
o_2357	c_0444	2025-06-17T15:19:26Z	PAID	gbp	GBP 851.88	{"source": "paid_social", "medium": "paid_social", "campaign": "retargeting"}	17/06/2025 17:12
o_2358	c_0213	17/06/2025 07:37	PAID	USD	$415.84	{"source": "paid_social", "medium": "paid_social", "campaign": "nonbrand"}	17/06/2025 16:07
o_2359	c_0245	2025-06-18T13:10:31Z	PAID	USD	USD 68.63	{"source": "search", "medium": "cpc", "campaign": "nonbrand"}	18/06/2025 17:45
o_2360	c_0120	2025-06-18T18:12:26Z	Fulfilled	eur	EUR 340.07	{"source": "search", "medium": "cpc", "campaign": "brand"}	18/06/2025 21:26
o_2361	c_0711	2025-06-18T20:25:05Z	PAID	EUR	EUR 127.85	{"source": "search", "medium": "cpc", "campaign": "brand"}	18/06/2025 20:49
o_2362	c_0617	2025-06-18T21:46:02Z	PAID	USD	$534.17	{"source": "paid_social", "medium": "paid_social", "campaign": "newsletter"}	18/06/2025 12:03
o_2363	c_0142	2025-06-18T17:01:08Z	PAID	USD	137.61	{"source": "display", "medium": "display", "campaign": "retargeting"}	18/06/2025 10:01
o_2364	c_0393	2025/06/18 17:03:37-0500	paid	CAD	9.25	{"source": "paid_social", "medium": "paid_social", "campaign": "newsletter"}	18/06/2025 11:07
o_2365	c_0191	18/06/2025 13:51	PAID	USD	USD 13.91	{"source": "search", "medium": "cpc", "campaign": "brand"}	18/06/2025 16:27
o_2366	c_0651	2025/06/18 16:17:49-0500	PAID	USD	$21.19	{"source": "search", "medium": "cpc", "campaign": "brand"}	18/06/2025 21:44
o_2367	c_0711	2025-06-18T15:05:23Z	PAID	EUR	EUR 249.20	{"source": "display", "medium": "display", "campaign": "retargeting"}	18/06/2025 18:49
o_2368	c_0269	2025-06-18T21:35:57Z	PAID	USD	$17.76	{"source": "email", "medium": "email", "campaign": "promo"}	18/06/2025 21:02
o_2369	c_0258	2025/06/19 16:50:52-0500	PAID	USD	182.24	{"source": "paid_social", "medium": "paid_social", "campaign": "retargeting"}	19/06/2025 11:44
o_2370	c_0144	2025/06/19 19:14:12-0500	PAID	USD	USD 28.24	{"source": "search", "medium": "cpc", "campaign": "brand"}	19/06/2025 17:48
o_2371	c_0323	2025-06-19T17:04:28Z	PAID	eur	€ 201.30	{"source": "search", "medium": "cpc", "campaign": "nonbrand"}	19/06/2025 18:43
o_2372	c_0368	19/06/2025 18:05	PAID	USD	USD 79.66	{"source": "search", "medium": "cpc", "campaign": "retargeting"}	19/06/2025 12:49
o_2373	c_0200	2025/06/19 18:45:50-0500	paid	USD	$33.58	{"source": "paid_social", "medium": "paid_social", "campaign": "retargeting"}	19/06/2025 17:56
o_2374	c_0518	19/06/2025 08:13	PAID	USD	USD 234.47	{"source": "search", "medium": "cpc", "campaign": "nonbrand"}	19/06/2025 11:54
o_2375	c_0507	2025/06/19 07:27:39-0500	paid	USD	$432.93	{"source": "search", "medium": "cpc", "campaign": "brand"}	19/06/2025 20:51
o_2376	c_0504	2025/06/19 21:03:57-0500	PAID	USD	9.65	{"source": "search", "medium": "cpc", "campaign": "brand"}	19/06/2025 14:51
o_2377	c_0659	2025-06-19T15:48:25Z	PAID	USD	$152.68	{"source": "search", "medium": "cpc", "campaign": "retargeting"}	19/06/2025 20:00
o_2378	c_0579	2025-06-19T20:47:27Z	PAID	cad	CAD 16.39	{"source": "search", "medium": "cpc", "campaign": "retargeting"}	19/06/2025 14:43
o_2379	c_0780	2025-06-19T15:52:59Z	Fulfilled	USD	$42.78	{"source": "search", "medium": "cpc", "campaign": "brand"}	19/06/2025 14:07
o_2380	c_0300	2025-06-20T08:17:28Z	paid	EUR	230,22	{"source": "search", "medium": "cpc", "campaign": "brand"}	20/06/2025 20:49
o_2381	c_0231	2025-06-20T16:51:34Z	PAID	USD	USD 64.76	{"source": "paid_social", "medium": "paid_social", "campaign": "nonbrand"}	20/06/2025 11:48
o_2382	c_0296	20/06/2025 13:23	paid	CAD	C$30.74	{"source": "paid_social", "medium": "paid_social", "campaign": "retargeting"}	20/06/2025 16:10
o_2383	c_0800	20/06/2025 19:44	Fulfilled	USD	$27.51	{"source": "email", "medium": "email", "campaign": "newsletter"}	20/06/2025 14:45
o_2384	c_0580	2025-06-20T07:29:44Z	PAID	CAD	CAD 246.02	{"source": "paid_social", "medium": "paid_social", "campaign": "prospecting"}	20/06/2025 15:00
o_2385	c_0795	2025-06-20T17:38:16Z	PAID	USD	$294.99	{"source": "paid_social", "medium": "paid_social", "campaign": "nonbrand"}	20/06/2025 14:01
o_2386	c_0587	2025-06-20T07:13:30Z	PAID	USD	120.63	{"source": "email", "medium": "email", "campaign": "promo"}	20/06/2025 10:01
o_2387	c_0275	20/06/2025 16:52	paid	USD	$149.70	{"source": "paid_social", "medium": "paid_social", "campaign": "prospecting"}	20/06/2025 17:58
o_2388	c_0556	2025/06/20 13:04:28-0500	PAID	EUR	€ 75.80	{"source": "search", "medium": "cpc", "campaign": "awareness"}	20/06/2025 08:01
o_2389	c_0224	2025-06-20T21:32:10Z	paid	EUR	372.88	{"source": "paid_social", "medium": "paid_social", "campaign": "nonbrand"}	20/06/2025 17:17
o_2390	c_0754	2025-06-20T19:33:07Z	paid	USD	250.08	{"source": "paid_social", "medium": "paid_social", "campaign": "nonbrand"}	20/06/2025 09:32
o_2391	c_0770	2025-06-20T09:44:18Z	PAID	EUR	EUR 161.47	{"source": "paid_social", "medium": "paid_social", "campaign": "retargeting"}	20/06/2025 15:00
o_2392	c_0663	2025-06-21T14:01:58Z	PAID	GBP	GBP 77.28	{"source": "email", "medium": "email", "campaign": "prospecting"}	21/06/2025 19:33
o_2393	c_0507	2025-06-21T20:48:41Z	paid	USD	$479.46	{"source": "search", "medium": "cpc", "campaign": "nonbrand"}	21/06/2025 08:36
o_2394	c_0795	2025-06-21T19:10:07Z	PAID	USD	41.89	{"source": "search", "medium": "cpc", "campaign": "nonbrand"}	21/06/2025 21:08
o_2395	c_0320	2025/06/21 19:40:03-0500	PAID	GBP	379,95	{"source": "display", "medium": "display", "campaign": "retargeting"}	21/06/2025 09:10
o_2396	c_0706	2025-06-21T08:58:48Z	paid	CAD	CAD 150.38	{"source": "search", "medium": "cpc", "campaign": "nonbrand"}	21/06/2025 19:39
o_2397	c_0627	21/06/2025 09:23	PAID	USD	USD 399.48	{"source": "search", "medium": "cpc", "campaign": "brand"}	21/06/2025 17:00
o_2398	c_0143	2025/06/21 15:17:23-0500	PAID	USD	95.96	{"source": "search", "medium": "cpc", "campaign": "nonbrand"}	21/06/2025 10:05
o_2399	c_0212	2025-06-21T10:18:18Z	PAID	USD	USD 334.80	{"source": "email", "medium": "email", "campaign": "promo"}	21/06/2025 08:43
o_2400	c_0360	2025/06/21 08:00:14-0500	Refunded	usd	88.3	{"source": "email", "medium": "email", "campaign": "retargeting"}	21/06/2025 11:08
o_2401	c_0612	2025-06-22T15:49:03Z	paid	CAD	CAD 16.87	{"source": "email", "medium": "email", "campaign": "prospecting"}	22/06/2025 22:08
o_2402	c_0173	2025-06-22T11:27:02Z	paid	USD	$137.36	{"source": "display", "medium": "display", "campaign": "brand"}	22/06/2025 21:12
o_2403	c_0721	2025/06/22 17:11:20-0500	PAID	USD	$467.62	{"source": "display", "medium": "display", "campaign": "awareness"}	22/06/2025 15:15
o_2404	c_0587	2025/06/22 21:16:13-0500	PAID	USD	$93.78	{"source": "display", "medium": "display", "campaign": "brand"}	22/06/2025 22:39
o_2405	c_0527	2025-06-22T10:14:58Z	PAID	USD	$548.65	{"source": "email", "medium": "email", "campaign": "prospecting"}	22/06/2025 18:21
o_2406	c_0098	2025-06-22T15:15:46Z	Refunded	USD	$124.76	{"source": "search", "medium": "cpc", "campaign": "nonbrand"}	22/06/2025 14:50
o_2407	c_0061	2025/06/22 08:23:29-0500	paid	USD	$251.17	{"source": "email", "medium": "email", "campaign": "prospecting"}	22/06/2025 12:25
o_2408	c_0130	2025-06-22T17:21:28Z	Fulfilled	GBP	£342.64	{"source": "display", "medium": "display", "campaign": "brand"}	22/06/2025 11:14
o_2409	c_0256	2025/06/22 19:03:25-0500	PAID	GBP	£104.70	{"source": "email", "medium": "email", "campaign": "newsletter"}	22/06/2025 19:44
o_2410	c_0464	2025-06-22T16:14:48Z	PAID	USD	$57.05	{"source": "display", "medium": "display", "campaign": "brand"}	22/06/2025 18:45
o_2411	c_0780	2025/06/22 20:11:34-0500	PAID	USD	USD 240.34	{"source": "search", "medium": "cpc", "campaign": "nonbrand"}	22/06/2025 16:08
o_2412	c_0502	2025-06-23T15:08:21Z	PAID	USD	USD 400.02	{"source": "search", "medium": "cpc", "campaign": "retargeting"}	23/06/2025 11:15
o_2413	c_0648	2025-06-23T16:46:54Z	PAID	USD	$273.34	{"source": "search", "medium": "cpc", "campaign": "prospecting"}	23/06/2025 10:46
o_2414	c_0643	23/06/2025 13:54	Fulfilled	USD	$9.88	{"source": "search", "medium": "cpc", "campaign": "brand"}	23/06/2025 21:45
o_2415	c_0385	2025-06-23T09:23:06Z	paid	USD	$264.22	{"source": "search", "medium": "cpc", "campaign": "nonbrand"}	23/06/2025 18:24
o_2416	c_0649	2025/06/23 12:36:58-0500	paid	USD	$109.29	{"source": "search", "medium": "cpc", "campaign": "brand"}	23/06/2025 14:10
o_2417	c_0413	2025-06-23T14:52:34Z	PAID	USD	258,37	{"source": "search", "medium": "cpc", "campaign": "prospecting"}	23/06/2025 14:31
o_2418	c_0466	2025-06-23T12:05:45Z	PAID	EUR	€ 338.61	{"source": "search", "medium": "cpc", "campaign": "nonbrand"}	23/06/2025 16:04
o_2419	c_0008	2025-06-23T21:14:07Z	PAID	USD	544,07	{"source": "search", "medium": "cpc", "campaign": "nonbrand"}	23/06/2025 16:00
o_2420	c_0143	2025-06-23T14:54:11Z	PAID	USD	$320.23	{"source": "search", "medium": "cpc", "campaign": "brand"}	23/06/2025 16:33
o_2421	c_0651	2025-06-23T21:40:44Z	PAID	USD	USD 673.66	{"source": "search", "medium": "cpc", "campaign": "brand"}	23/06/2025 12:12
o_2422	c_0065	2025-06-23T13:49:09Z	Refunded	GBP	£23.34	{"source": "email", "medium": "email", "campaign": "promo"}	23/06/2025 17:06
o_2423	c_0408	2025/06/23 17:52:21-0500	paid	GBP	GBP 100.22	{"source": "search", "medium": "cpc", "campaign": "retargeting"}	23/06/2025 20:15
o_2424	c_0618	23/06/2025 15:22	PAID	USD	$158.56	{"source": "search", "medium": "cpc", "campaign": "prospecting"}	23/06/2025 16:06
o_2425	c_0331	2025-06-23T17:56:14Z	PAID	USD	USD 414.99	{"source": "search", "medium": "cpc", "campaign": "brand"}	23/06/2025 12:38
o_2426	c_0780	2025-06-24T17:18:07Z	PAID	USD	USD 612.56	{"source": "display", "medium": "display", "campaign": "retargeting"}	24/06/2025 20:14
o_2427	c_0497	2025-06-24T09:24:05Z	PAID	CAD	C$110.80	{"source": "email", "medium": "email", "campaign": "promo"}	24/06/2025 08:19
o_2428	c_0699	2025-06-24T09:59:28Z	Fulfilled	USD	USD 37.24	{"source": "display", "medium": "display", "campaign": "awareness"}	24/06/2025 17:30
o_2429	c_0048	24/06/2025 18:20	PAID	USD	USD 329.80	{"source": "search", "medium": "cpc", "campaign": "brand"}	24/06/2025 19:18
o_2430	c_0471	2025-06-24T20:11:35Z	Cancelled	USD	$141.84	{"source": "paid_social", "medium": "paid_social", "campaign": "nonbrand"}	24/06/2025 22:33
o_2431	c_0162	2025-06-24T13:48:39Z	PAID	EUR	€ 13.23	{"source": "search", "medium": "cpc", "campaign": "brand"}	24/06/2025 11:24
o_2432	c_0468	2025-06-24T21:57:55Z	Refunded	EUR	EUR 34.58	{"source": "search", "medium": "cpc", "campaign": "prospecting"}	24/06/2025 20:17
o_2433	c_0439	2025-06-24T18:05:04Z	paid	USD	$42.99	{"source": "search", "medium": "cpc", "campaign": "brand"}	24/06/2025 21:50
o_2434	c_0202	24/06/2025 09:40	Refunded	USD	$837.49	{"source": "search", "medium": "cpc", "campaign": "brand"}	24/06/2025 16:07
o_2435	c_0163	2025/06/24 21:55:36-0500	PAID	GBP	£166.02	{"source": "paid_social", "medium": "paid_social", "campaign": "nonbrand"}	24/06/2025 18:02
o_2436	c_0096	2025-06-24T12:52:17Z	Refunded	EUR	€ 327.19	{"source": "paid_social", "medium": "paid_social", "campaign": "nonbrand"}	24/06/2025 21:58
o_2437	c_0368	24/06/2025 11:57	paid	USD	217.93	{"source": "paid_social", "medium": "paid_social", "campaign": "retargeting"}	24/06/2025 17:37
o_2438	c_0681	2025-06-24T21:54:51Z	paid	USD	528,96	{"source": "paid_social", "medium": "paid_social", "campaign": "retargeting"}	24/06/2025 11:51
o_2439	c_0054	2025/06/25 18:46:51-0500	PAID	CAD	CAD 266.63	{"source": "paid_social", "medium": "paid_social", "campaign": "prospecting"}	25/06/2025 14:44
o_2440	c_0438	2025/06/25 20:27:42-0500	Fulfilled	EUR	EUR 237.21	{"source": "paid_social", "medium": "paid_social", "campaign": "prospecting"}	25/06/2025 09:26
o_2441	c_0342	2025-06-25T09:09:09Z	Cancelled	USD	USD 28.90	{"source": "paid_social", "medium": "paid_social", "campaign": "prospecting"}	25/06/2025 16:38
o_2442	c_0672	2025-06-25T14:18:40Z	PAID	gbp	GBP 113.81	{"source": "email", "medium": "email", "campaign": "newsletter"}	25/06/2025 10:42
o_2443	c_0143	2025/06/25 18:53:48-0500	PAID	USD	USD 122.87	{"source": "paid_social", "medium": "paid_social", "campaign": "prospecting"}	25/06/2025 10:57
o_2444	c_0489	2025/06/25 18:22:29-0500	Fulfilled	CAD	C$161.51	{"source": "paid_social", "medium": "paid_social", "campaign": "prospecting"}	25/06/2025 21:56
o_2445	c_0608	2025/06/25 08:43:03-0500	PAID	USD	$73.99	{"source": "paid_social", "medium": "paid_social", "campaign": "prospecting"}	25/06/2025 22:55
o_2446	c_0010	2025-06-25T11:29:42Z	PAID	usd	$269.32	{"source": "search", "medium": "cpc", "campaign": "brand"}	25/06/2025 09:35
o_2447	c_0433	2025-06-25T14:34:26Z	Fulfilled	gbp	GBP 264.49	{"source": "search", "medium": "cpc", "campaign": "brand"}	25/06/2025 11:28
o_2448	c_0136	2025-06-25T11:50:25Z	PAID	USD	$12.84	{"source": "email", "medium": "email", "campaign": "retargeting"}	25/06/2025 18:45
o_2449	c_0073	25/06/2025 10:41	PAID	USD	$204.82	{"source": "display", "medium": "display", "campaign": "retargeting"}	25/06/2025 21:24
o_2450	c_0150	2025-06-26T12:44:25Z	PAID	USD	USD 477.08	{"source": "search", "medium": "cpc", "campaign": "brand"}	26/06/2025 10:18
o_2451	c_0377	2025-06-26T18:20:54Z	paid	USD	177.02	{"source": "paid_social", "medium": "paid_social", "campaign": "retargeting"}	26/06/2025 13:48
o_2452	c_0141	26/06/2025 08:26	paid	USD	$37.69	{"source": "paid_social", "medium": "paid_social", "campaign": "newsletter"}	26/06/2025 21:31
o_2453	c_0217	2025/06/26 20:54:35-0500	PAID	USD	USD 406.05	{"source": "paid_social", "medium": "paid_social", "campaign": "retargeting"}	26/06/2025 22:43
o_2454	c_0577	2025-06-26T14:36:59Z	Fulfilled	cad	229,17	{"source": "search", "medium": "cpc", "campaign": "nonbrand"}	26/06/2025 15:34
o_2455	c_0630	2025-06-26T18:08:59Z	PAID	USD	USD 192.22	{"source": "search", "medium": "cpc", "campaign": "nonbrand"}	26/06/2025 12:36
o_2456	c_0644	2025-06-26T08:30:12Z	PAID	USD	$287.77	{"source": "search", "medium": "cpc", "campaign": "nonbrand"}	26/06/2025 18:48
o_2457	c_0422	2025-06-26T21:25:00Z	paid	USD	USD 442.96	{"source": "email", "medium": "email", "campaign": "prospecting"}	26/06/2025 16:04
o_2458	c_0704	2025/06/26 20:28:52-0500	paid	EUR	EUR 28.95	{"source": "search", "medium": "cpc", "campaign": "nonbrand"}	26/06/2025 14:46
o_2459	c_0223	2025-06-26T09:24:27Z	Refunded	USD	$829.88	{"source": "paid_social", "medium": "paid_social", "campaign": "awareness"}	26/06/2025 17:49
o_2460	c_0144	2025-06-26T08:44:28Z	PAID	USD	270,21	{"source": "search", "medium": "cpc", "campaign": "brand"}	26/06/2025 14:49
o_2461	c_0545	2025/06/26 19:35:17-0500	PAID	usd	308.38	{"source": "search", "medium": "cpc", "campaign": "nonbrand"}	26/06/2025 16:49
o_2462	c_0323	2025-06-26T17:00:04Z	paid	EUR	€ 121.03	{"source": "paid_social", "medium": "paid_social", "campaign": "awareness"}	26/06/2025 12:29
o_2463	c_0284	2025-06-26T08:33:44Z	PAID	GBP	289,54	{"source": "search", "medium": "cpc", "campaign": "nonbrand"}	26/06/2025 13:16
o_2464	c_0255	2025-06-27T18:37:20Z	Refunded	EUR	€ 191.85	{"source": "search", "medium": "cpc", "campaign": "retargeting"}	27/06/2025 11:36
o_2465	c_0615	2025-06-27T15:14:30Z	paid	USD	$315.83	{"source": "display", "medium": "display", "campaign": "awareness"}	27/06/2025 16:03
o_2466	c_0412	2025-06-27T18:11:24Z	paid	usd	789.04	{"source": "email", "medium": "email", "campaign": "promo"}	27/06/2025 16:56
o_2467	c_0028	27/06/2025 16:53	Fulfilled	USD	330.39	{"source": "paid_social", "medium": "paid_social", "campaign": "retargeting"}	27/06/2025 12:12
o_2468	c_0211	27/06/2025 09:35	Fulfilled	usd	$455.40	{"source": "display", "medium": "display", "campaign": "awareness"}	27/06/2025 15:32
o_2469	c_0194	2025-06-27T08:22:47Z	PAID	CAD	C$237.55	{"source": "paid_social", "medium": "paid_social", "campaign": "prospecting"}	27/06/2025 20:06
o_2470	c_0423	2025-06-27T21:07:09Z	paid	USD	$198.42	{"source": "search", "medium": "cpc", "campaign": "nonbrand"}	27/06/2025 19:57
o_2471	c_0085	2025-06-27T10:32:03Z	Fulfilled	GBP	£70.26	{"source": "search", "medium": "cpc", "campaign": "brand"}	27/06/2025 08:02
o_2472	c_0396	2025-06-27T12:09:25Z	Fulfilled	USD	$165.98	{"source": "search", "medium": "cpc", "campaign": "nonbrand"}	27/06/2025 18:15
o_2473	c_0654	27/06/2025 09:24	paid	GBP	GBP 149.16	{"source": "search", "medium": "cpc", "campaign": "nonbrand"}	27/06/2025 22:48
o_2474	c_0073	2025/06/27 12:08:14-0500	paid	USD	$39.15	{"source": "paid_social", "medium": "paid_social", "campaign": "prospecting"}	27/06/2025 19:55
o_2475	c_0013	27/06/2025 17:54	Fulfilled	EUR	€ 682.34	{"source": "paid_social", "medium": "paid_social", "campaign": "prospecting"}	27/06/2025 11:46
o_2476	c_0397	2025-06-27T12:43:38Z	PAID	USD	USD 221.73	{"source": "search", "medium": "cpc", "campaign": "retargeting"}	27/06/2025 17:27
o_2477	c_0508	2025-06-27T08:03:47Z	PAID	USD	19.24	{"source": "display", "medium": "display", "campaign": "awareness"}	27/06/2025 19:55
o_2478	c_0253	2025-06-27T11:30:21Z	PAID	USD	168.81	{"source": "paid_social", "medium": "paid_social", "campaign": "prospecting"}	27/06/2025 22:29
o_2479	c_0103	2025/06/28 14:40:27-0500	Cancelled	usd	48.04	{"source": "search", "medium": "cpc", "campaign": "retargeting"}	28/06/2025 19:45
o_2480	c_0269	2025-06-28T19:08:44Z	PAID	usd	USD 44.18	{"source": "search", "medium": "cpc", "campaign": "nonbrand"}	28/06/2025 15:45
o_2481	c_0041	2025-06-28T11:23:19Z	PAID	GBP	50.12	{"source": "search", "medium": "cpc", "campaign": "brand"}	28/06/2025 19:30
o_2482	c_0519	2025-06-28T21:11:54Z	PAID	USD	267,63	{"source": "search", "medium": "cpc", "campaign": "brand"}	28/06/2025 19:53
o_2483	c_0704	2025-06-28T12:48:37Z	paid	EUR	12.33	{"source": "display", "medium": "display", "campaign": "retargeting"}	28/06/2025 11:13
o_2484	c_0434	2025/06/28 18:40:35-0500	paid	USD	900,01	{"source": "search", "medium": "cpc", "campaign": "brand"}	28/06/2025 08:58
o_2485	c_0412	2025-06-28T11:40:27Z	paid	usd	USD 122.50	{"source": "display", "medium": "display", "campaign": "awareness"}	28/06/2025 14:46
o_2486	c_0656	28/06/2025 10:06	PAID	USD	$34.43	{"source": "display", "medium": "display", "campaign": "retargeting"}	28/06/2025 12:02
o_2487	c_0551	28/06/2025 14:10	PAID	USD	USD 168.11	{"source": "search", "medium": "cpc", "campaign": "brand"}	28/06/2025 17:32
o_2488	c_0157	2025/06/28 16:33:31-0500	Fulfilled	USD	$492.57	{"source": "search", "medium": "cpc", "campaign": "prospecting"}	28/06/2025 20:58
o_2489	c_0081	2025-06-29T15:57:56Z	PAID	USD	$49.42	{"source": "display", "medium": "display", "campaign": "nonbrand"}	29/06/2025 21:07
o_2490	c_0298	2025-06-29T10:57:25Z	paid	GBP	58,36	{"source": "display", "medium": "display", "campaign": "nonbrand"}	29/06/2025 16:13
o_2491	c_0456	29/06/2025 10:18	PAID	USD	USD 11.39	{"source": "display", "medium": "display", "campaign": "nonbrand"}	29/06/2025 17:00
o_2492	c_0101	2025/06/29 13:57:56-0500	PAID	USD	$168.42	{"source": "display", "medium": "display", "campaign": "prospecting"}	29/06/2025 10:23
o_2493	c_0716	29/06/2025 21:51	paid	USD	63,97	{"source": "display", "medium": "display", "campaign": "prospecting"}	29/06/2025 17:17
o_2494	c_0090	2025/06/29 14:34:36-0500	PAID	USD	149.2	{"source": "paid_social", "medium": "paid_social", "campaign": "brand"}	29/06/2025 09:33
o_2495	c_0445	2025/06/29 17:12:25-0500	PAID	USD	$113.65	{"source": "display", "medium": "display", "campaign": "prospecting"}	29/06/2025 16:11
o_2496	c_0465	29/06/2025 14:03	PAID	cad	CAD 149.33	{"source": "display", "medium": "display", "campaign": "nonbrand"}	29/06/2025 08:16
o_2497	c_0624	2025/06/30 20:57:27-0500	PAID	USD	USD 86.95	{"source": "search", "medium": "cpc", "campaign": "prospecting"}	30/06/2025 18:11
o_2498	c_0683	2025-06-30T09:05:35Z	PAID	USD	USD 301.48	{"source": "display", "medium": "display", "campaign": "promo"}	30/06/2025 13:07
o_2499	c_0674	2025-06-30T18:18:20Z	PAID	CAD	C$340.25	{"source": "display", "medium": "display", "campaign": "retargeting"}	30/06/2025 10:24
o_2500	c_0123	2025-06-30T16:18:46Z	PAID	USD	$18.65	{"source": "search", "medium": "cpc", "campaign": "nonbrand"}	30/06/2025 20:06
o_2501	c_0725	30/06/2025 19:20	PAID	EUR	€ 336.59	{"source": "display", "medium": "display", "campaign": "promo"}	30/06/2025 16:33
o_2502	c_0509	2025-06-30T11:56:05Z	PAID	USD	$557.66	{"source": "display", "medium": "display", "campaign": "retargeting"}	30/06/2025 16:25
o_2503	c_0739	30/06/2025 07:00	PAID	USD	130.64	{"source": "display", "medium": "display", "campaign": "retargeting"}	30/06/2025 22:07
o_2504	c_0515	2025/06/30 16:16:20-0500	paid	USD	$163.23	{"source": "paid_social", "medium": "paid_social", "campaign": "brand"}	30/06/2025 09:55
o_2505	c_0751	2025-06-30T09:37:15Z	PAID	GBP	GBP 106.98	{"source": "email", "medium": "email", "campaign": "newsletter"}	30/06/2025 12:32
o_2506	c_0344	2025-06-30T21:33:02Z	paid	USD	USD 22.27	{"source": "search", "medium": "cpc", "campaign": "nonbrand"}	30/06/2025 20:34
o_2507	c_0389	2025-06-30T17:12:51Z	PAID	USD	$66.80	{"source": "search", "medium": "cpc", "campaign": "nonbrand"}	30/06/2025 17:15
o_2508	c_0098	2025-06-30T20:26:12Z	PAID	usd	$218.16	{"source": "search", "medium": "cpc", "campaign": "nonbrand"}	30/06/2025 13:36
o_2509	c_0643	2025-06-30T16:54:53Z	Refunded	USD	$245.73	{"source": "search", "medium": "cpc", "campaign": "nonbrand"}	30/06/2025 20:27
o_2510	c_0509	2025-06-30T10:01:13Z	PAID	USD	USD 182.69	{"source": "paid_social", "medium": "paid_social", "campaign": "brand"}	30/06/2025 20:52
o_2511	c_0057	2025-06-30T20:37:50Z	paid	USD	USD 11.93	{"source": "display", "medium": "display", "campaign": "promo"}	30/06/2025 10:59
o_2512	c_0581	2025-07-01T18:45:09Z	PAID	USD	$31.41	{"source": "search", "medium": "cpc", "campaign": "nonbrand"}	01/07/2025 13:46
o_2513	c_0377	2025-07-01T15:44:20Z	PAID	USD	USD 122.21	{"source": "paid_social", "medium": "paid_social", "campaign": "prospecting"}	01/07/2025 10:45
o_2514	c_0792	2025-07-01T18:17:02Z	paid	USD	USD 120.99	{"source": "paid_social", "medium": "paid_social", "campaign": "retargeting"}	01/07/2025 12:17
o_2515	c_0588	2025-07-01T14:22:05Z	Refunded	USD	$483.22	{"source": "paid_social", "medium": "paid_social", "campaign": "prospecting"}	01/07/2025 12:55
o_2516	c_0741	2025-07-01T07:34:54Z	paid	USD	USD 195.30	{"source": "paid_social", "medium": "paid_social", "campaign": "retargeting"}	01/07/2025 21:19
o_2517	c_0332	2025/07/01 09:34:32-0500	PAID	USD	$300.95	{"source": "paid_social", "medium": "paid_social", "campaign": "brand"}	01/07/2025 16:56
o_2518	c_0522	2025/07/01 11:11:20-0500	Cancelled	USD	310,63	{"source": "paid_social", "medium": "paid_social", "campaign": "awareness"}	01/07/2025 17:35
o_2519	c_0027	2025/07/01 17:02:26-0500	paid	USD	42.77	{"source": "paid_social", "medium": "paid_social", "campaign": "brand"}	01/07/2025 17:42
o_2520	c_0048	2025-07-01T20:55:10Z	PAID	USD	USD 15.30	{"source": "paid_social", "medium": "paid_social", "campaign": "prospecting"}	01/07/2025 09:56
o_2521	c_0373	2025/07/01 14:06:54-0500	paid	USD	267,81	{"source": "paid_social", "medium": "paid_social", "campaign": "awareness"}	01/07/2025 18:16
o_2522	c_0037	2025-07-01T18:42:48Z	PAID	USD	$206.85	{"source": "paid_social", "medium": "paid_social", "campaign": "prospecting"}	01/07/2025 19:46
o_2523	c_0430	2025/07/01 07:38:10-0500	PAID	USD	$50.25	{"source": "display", "medium": "display", "campaign": "newsletter"}	01/07/2025 17:48
o_2524	c_0330	2025-07-01T17:06:24Z	PAID	USD	$186.09	{"source": "paid_social", "medium": "paid_social", "campaign": "retargeting"}	01/07/2025 14:27
o_2525	c_0278	2025/07/01 18:04:07-0500	paid	eur	EUR 612.14	{"source": "paid_social", "medium": "paid_social", "campaign": "brand"}	01/07/2025 09:09
o_2526	c_0382	2025/07/02 13:19:59-0500	PAID	USD	USD 285.58	{"source": "search", "medium": "cpc", "campaign": "promo"}	02/07/2025 09:46
o_2527	c_0690	2025-07-02T15:18:31Z	PAID	USD	50.15	{"source": "search", "medium": "cpc", "campaign": "brand"}	02/07/2025 20:57
o_2528	c_0229	2025-07-02T08:57:01Z	Fulfilled	USD	$21.82	{"source": "display", "medium": "display", "campaign": "prospecting"}	02/07/2025 14:42
o_2529	c_0048	2025-07-02T13:15:50Z	PAID	USD	$24.76	{"source": "display", "medium": "display", "campaign": "retargeting"}	02/07/2025 14:48
o_2530	c_0105	2025-07-02T11:53:06Z	PAID	USD	$104.01	{"source": "display", "medium": "display", "campaign": "prospecting"}	02/07/2025 21:13
o_2531	c_0793	02/07/2025 08:01	PAID	USD	USD 511.14	{"source": "display", "medium": "display", "campaign": "retargeting"}	02/07/2025 18:04
o_2532	c_0089	2025-07-02T09:18:40Z	Fulfilled	USD	$62.65	{"source": "display", "medium": "display", "campaign": "retargeting"}	02/07/2025 15:34
o_2533	c_0640	2025/07/02 08:57:05-0500	paid	USD	159.77	{"source": "search", "medium": "cpc", "campaign": "brand"}	02/07/2025 09:02
o_2534	c_0294	2025-07-02T12:12:55Z	Refunded	EUR	€ 242.35	{"source": "search", "medium": "cpc", "campaign": "brand"}	02/07/2025 19:12
o_2535	c_0578	2025/07/02 15:12:59-0500	paid	CAD	CAD 274.79	{"source": "search", "medium": "cpc", "campaign": "brand"}	02/07/2025 19:02
o_2536	c_0476	2025-07-02T16:06:35Z	paid	USD	USD 229.72	{"source": "search", "medium": "cpc", "campaign": "brand"}	02/07/2025 13:23
o_2537	c_0606	2025-07-02T20:27:28Z	Refunded	usd	USD 34.15	{"source": "search", "medium": "cpc", "campaign": "brand"}	02/07/2025 08:44
o_2538	c_0287	2025-07-02T20:38:02Z	PAID	USD	285,57	{"source": "display", "medium": "display", "campaign": "retargeting"}	02/07/2025 10:41